year,topic,patient,cutoff,retrieved_unique_count,qrels_grade_ge_1_count,retrieved_grade_ge_1_count,recall_grade_ge_1,qrels_eligible_count,retrieved_eligible_count,recall_eligible_only,source_workbook
2021,1,trec-20211,10,10,169,10,0.05917159763313609,47,5,0.10638297872340426,0.0591715976331361
2021,1,trec-20211,50,50,169,40,0.23668639053254437,47,10,0.2127659574468085,0.236686390532544
2021,1,trec-20211,100,100,169,80,0.47337278106508873,47,27,0.574468085106383,0.473372781065089
2021,1,trec-20211,200,200,169,126,0.7455621301775148,47,43,0.9148936170212766,0.745562130177515
2021,1,trec-20211,300,300,169,133,0.7869822485207101,47,44,0.9361702127659575,0.78698224852071
2021,1,trec-20211,400,400,169,135,0.7988165680473372,47,44,0.9361702127659575,0.798816568047337
2021,1,trec-20211,500,500,169,137,0.8106508875739645,47,44,0.9361702127659575,0.810650887573965
2021,1,trec-20211,600,600,169,137,0.8106508875739645,47,44,0.9361702127659575,0.810650887573965
2021,1,trec-20211,700,700,169,137,0.8106508875739645,47,44,0.9361702127659575,0.810650887573965
2021,1,trec-20211,800,800,169,137,0.8106508875739645,47,44,0.9361702127659575,0.810650887573965
2021,1,trec-20211,900,900,169,137,0.8106508875739645,47,44,0.9361702127659575,0.810650887573965
2021,1,trec-20211,1000,1000,169,137,0.8106508875739645,47,44,0.9361702127659575,0.810650887573965
2021,2,trec-20212,10,10,270,9,0.03333333333333333,138,2,0.014492753623188406,0.0333333333333333
2021,2,trec-20212,50,50,270,47,0.17407407407407408,138,21,0.15217391304347827,0.174074074074074
2021,2,trec-20212,100,100,270,93,0.34444444444444444,138,48,0.34782608695652173,0.344444444444444
2021,2,trec-20212,200,200,270,166,0.6148148148148148,138,97,0.7028985507246377,0.614814814814815
2021,2,trec-20212,300,300,270,197,0.7296296296296296,138,112,0.8115942028985508,0.72962962962963
2021,2,trec-20212,400,400,270,204,0.7555555555555555,138,115,0.8333333333333334,0.755555555555556
2021,2,trec-20212,500,500,270,215,0.7962962962962963,138,121,0.8768115942028986,0.796296296296296
2021,2,trec-20212,600,600,270,220,0.8148148148148148,138,124,0.8985507246376812,0.814814814814815
2021,2,trec-20212,700,700,270,224,0.8296296296296296,138,125,0.9057971014492754,0.82962962962963
2021,2,trec-20212,800,800,270,228,0.8444444444444444,138,125,0.9057971014492754,0.844444444444444
2021,2,trec-20212,900,900,270,229,0.8481481481481481,138,125,0.9057971014492754,0.848148148148148
2021,2,trec-20212,1000,1000,270,230,0.8518518518518519,138,125,0.9057971014492754,0.851851851851852
2021,3,trec-20213,10,10,84,8,0.09523809523809523,32,1,0.03125,0.0952380952380952
2021,3,trec-20213,50,50,84,24,0.2857142857142857,32,9,0.28125,0.285714285714286
2021,3,trec-20213,100,100,84,33,0.39285714285714285,32,15,0.46875,0.392857142857143
2021,3,trec-20213,200,200,84,41,0.4880952380952381,32,16,0.5,0.488095238095238
2021,3,trec-20213,300,300,84,55,0.6547619047619048,32,21,0.65625,0.654761904761905
2021,3,trec-20213,400,400,84,60,0.7142857142857143,32,23,0.71875,0.714285714285714
2021,3,trec-20213,500,500,84,62,0.7380952380952381,32,24,0.75,0.738095238095238
2021,3,trec-20213,600,600,84,66,0.7857142857142857,32,25,0.78125,0.785714285714286
2021,3,trec-20213,700,700,84,68,0.8095238095238095,32,26,0.8125,0.80952380952381
2021,3,trec-20213,800,800,84,69,0.8214285714285714,32,26,0.8125,0.821428571428571
2021,3,trec-20213,900,900,84,71,0.8452380952380952,32,28,0.875,0.845238095238095
2021,3,trec-20213,1000,1000,84,73,0.8690476190476191,32,29,0.90625,0.869047619047619
2021,4,trec-20214,10,10,95,4,0.042105263157894736,44,4,0.09090909090909091,0.0421052631578947
2021,4,trec-20214,50,50,95,20,0.21052631578947367,44,11,0.25,0.210526315789474
2021,4,trec-20214,100,100,95,28,0.29473684210526313,44,15,0.3409090909090909,0.294736842105263
2021,4,trec-20214,200,200,95,37,0.3894736842105263,44,19,0.4318181818181818,0.389473684210526
2021,4,trec-20214,300,300,95,50,0.5263157894736842,44,27,0.6136363636363636,0.526315789473684
2021,4,trec-20214,400,400,95,59,0.6210526315789474,44,31,0.7045454545454546,0.621052631578947
2021,4,trec-20214,500,500,95,72,0.7578947368421053,44,35,0.7954545454545454,0.757894736842105
2021,4,trec-20214,600,600,95,79,0.8315789473684211,44,39,0.8863636363636364,0.831578947368421
2021,4,trec-20214,700,700,95,82,0.8631578947368421,44,39,0.8863636363636364,0.863157894736842
2021,4,trec-20214,800,800,95,86,0.9052631578947369,44,43,0.9772727272727273,0.905263157894737
2021,4,trec-20214,900,900,95,88,0.9263157894736842,44,44,1.0,0.926315789473684
2021,4,trec-20214,1000,1000,95,88,0.9263157894736842,44,44,1.0,0.926315789473684
2021,5,trec-20215,10,10,201,8,0.03980099502487562,119,5,0.04201680672268908,0.0398009950248756
2021,5,trec-20215,50,50,201,32,0.15920398009950248,119,22,0.18487394957983194,0.159203980099503
2021,5,trec-20215,100,100,201,62,0.30845771144278605,119,42,0.35294117647058826,0.308457711442786
2021,5,trec-20215,200,200,201,90,0.44776119402985076,119,62,0.5210084033613446,0.447761194029851
2021,5,trec-20215,300,300,201,112,0.5572139303482587,119,77,0.6470588235294118,0.557213930348259
2021,5,trec-20215,400,400,201,129,0.6417910447761194,119,87,0.7310924369747899,0.641791044776119
2021,5,trec-20215,500,500,201,145,0.7213930348258707,119,94,0.7899159663865546,0.721393034825871
2021,5,trec-20215,600,600,201,152,0.7562189054726368,119,98,0.8235294117647058,0.756218905472637
2021,5,trec-20215,700,700,201,158,0.7860696517412935,119,101,0.8487394957983193,0.786069651741294
2021,5,trec-20215,800,800,201,162,0.8059701492537313,119,102,0.8571428571428571,0.805970149253731
2021,5,trec-20215,900,900,201,166,0.8258706467661692,119,104,0.8739495798319328,0.825870646766169
2021,5,trec-20215,1000,1000,201,167,0.8308457711442786,119,104,0.8739495798319328,0.830845771144279
2021,6,trec-20216,10,10,210,8,0.0380952380952381,117,5,0.042735042735042736,0.0380952380952381
2021,6,trec-20216,50,50,210,27,0.12857142857142856,117,18,0.15384615384615385,0.128571428571429
2021,6,trec-20216,100,100,210,58,0.2761904761904762,117,40,0.3418803418803419,0.276190476190476
2021,6,trec-20216,200,200,210,97,0.46190476190476193,117,63,0.5384615384615384,0.461904761904762
2021,6,trec-20216,300,300,210,134,0.638095238095238,117,83,0.7094017094017094,0.638095238095238
2021,6,trec-20216,400,400,210,152,0.7238095238095238,117,93,0.7948717948717948,0.723809523809524
2021,6,trec-20216,500,500,210,162,0.7714285714285715,117,99,0.8461538461538461,0.771428571428571
2021,6,trec-20216,600,600,210,164,0.780952380952381,117,100,0.8547008547008547,0.780952380952381
2021,6,trec-20216,700,700,210,166,0.7904761904761904,117,102,0.8717948717948718,0.79047619047619
2021,6,trec-20216,800,800,210,167,0.7952380952380952,117,103,0.8803418803418803,0.795238095238095
2021,6,trec-20216,900,900,210,170,0.8095238095238095,117,104,0.8888888888888888,0.80952380952381
2021,6,trec-20216,1000,1000,210,172,0.819047619047619,117,105,0.8974358974358975,0.819047619047619
2021,7,trec-20217,10,10,161,2,0.012422360248447204,125,1,0.008,0.0124223602484472
2021,7,trec-20217,50,50,161,4,0.024844720496894408,125,1,0.008,0.0248447204968944
2021,7,trec-20217,100,100,161,9,0.055900621118012424,125,3,0.024,0.0559006211180124
2021,7,trec-20217,200,200,161,22,0.13664596273291926,125,11,0.088,0.136645962732919
2021,7,trec-20217,300,300,161,25,0.15527950310559005,125,12,0.096,0.15527950310559
2021,7,trec-20217,400,400,161,26,0.16149068322981366,125,13,0.104,0.161490683229814
2021,7,trec-20217,500,500,161,28,0.17391304347826086,125,15,0.12,0.173913043478261
2021,7,trec-20217,600,600,161,35,0.21739130434782608,125,18,0.144,0.217391304347826
2021,7,trec-20217,700,700,161,42,0.2608695652173913,125,24,0.192,0.260869565217391
2021,7,trec-20217,800,800,161,45,0.2795031055900621,125,27,0.216,0.279503105590062
2021,7,trec-20217,900,900,161,51,0.3167701863354037,125,33,0.264,0.316770186335404
2021,7,trec-20217,1000,1000,161,54,0.33540372670807456,125,35,0.28,0.335403726708075
2021,8,trec-20218,10,10,153,7,0.0457516339869281,92,1,0.010869565217391304,0.0457516339869281
2021,8,trec-20218,50,50,153,33,0.21568627450980393,92,12,0.13043478260869565,0.215686274509804
2021,8,trec-20218,100,100,153,69,0.45098039215686275,92,37,0.40217391304347827,0.450980392156863
2021,8,trec-20218,200,200,153,124,0.8104575163398693,92,74,0.8043478260869565,0.810457516339869
2021,8,trec-20218,300,300,153,139,0.9084967320261438,92,87,0.9456521739130435,0.908496732026144
2021,8,trec-20218,400,400,153,141,0.9215686274509803,92,89,0.967391304347826,0.92156862745098
2021,8,trec-20218,500,500,153,144,0.9411764705882353,92,91,0.9891304347826086,0.941176470588235
2021,8,trec-20218,600,600,153,144,0.9411764705882353,92,91,0.9891304347826086,0.941176470588235
2021,8,trec-20218,700,700,153,144,0.9411764705882353,92,91,0.9891304347826086,0.941176470588235
2021,8,trec-20218,800,800,153,145,0.9477124183006536,92,91,0.9891304347826086,0.947712418300654
2021,8,trec-20218,900,900,153,145,0.9477124183006536,92,91,0.9891304347826086,0.947712418300654
2021,8,trec-20218,1000,1000,153,145,0.9477124183006536,92,91,0.9891304347826086,0.947712418300654
2021,9,trec-20219,10,10,214,6,0.028037383177570093,13,0,0.0,0.0280373831775701
2021,9,trec-20219,50,50,214,39,0.1822429906542056,13,2,0.15384615384615385,0.182242990654206
2021,9,trec-20219,100,100,214,84,0.3925233644859813,13,5,0.38461538461538464,0.392523364485981
2021,9,trec-20219,200,200,214,152,0.7102803738317757,13,9,0.6923076923076923,0.710280373831776
2021,9,trec-20219,300,300,214,196,0.9158878504672897,13,11,0.8461538461538461,0.91588785046729
2021,9,trec-20219,400,400,214,197,0.9205607476635514,13,11,0.8461538461538461,0.920560747663551
2021,9,trec-20219,500,500,214,198,0.9252336448598131,13,11,0.8461538461538461,0.925233644859813
2021,9,trec-20219,600,600,214,198,0.9252336448598131,13,11,0.8461538461538461,0.925233644859813
2021,9,trec-20219,700,700,214,198,0.9252336448598131,13,11,0.8461538461538461,0.925233644859813
2021,9,trec-20219,800,800,214,200,0.9345794392523364,13,12,0.9230769230769231,0.934579439252336
2021,9,trec-20219,900,900,214,201,0.9392523364485982,13,12,0.9230769230769231,0.939252336448598
2021,9,trec-20219,1000,1000,214,202,0.9439252336448598,13,12,0.9230769230769231,0.94392523364486
2021,10,trec-202110,10,10,47,10,0.2127659574468085,11,1,0.09090909090909091,0.212765957446809
2021,10,trec-202110,50,50,47,37,0.7872340425531915,11,9,0.8181818181818182,0.787234042553192
2021,10,trec-202110,100,100,47,38,0.8085106382978723,11,10,0.9090909090909091,0.808510638297872
2021,10,trec-202110,200,200,47,38,0.8085106382978723,11,10,0.9090909090909091,0.808510638297872
2021,10,trec-202110,300,300,47,38,0.8085106382978723,11,10,0.9090909090909091,0.808510638297872
2021,10,trec-202110,400,400,47,38,0.8085106382978723,11,10,0.9090909090909091,0.808510638297872
2021,10,trec-202110,500,500,47,38,0.8085106382978723,11,10,0.9090909090909091,0.808510638297872
2021,10,trec-202110,600,600,47,38,0.8085106382978723,11,10,0.9090909090909091,0.808510638297872
2021,10,trec-202110,700,700,47,38,0.8085106382978723,11,10,0.9090909090909091,0.808510638297872
2021,10,trec-202110,800,800,47,38,0.8085106382978723,11,10,0.9090909090909091,0.808510638297872
2021,10,trec-202110,900,900,47,38,0.8085106382978723,11,10,0.9090909090909091,0.808510638297872
2021,10,trec-202110,1000,1000,47,38,0.8085106382978723,11,10,0.9090909090909091,0.808510638297872
2021,11,trec-202111,10,10,126,10,0.07936507936507936,53,3,0.05660377358490566,0.0793650793650794
2021,11,trec-202111,50,50,126,45,0.35714285714285715,53,16,0.3018867924528302,0.357142857142857
2021,11,trec-202111,100,100,126,74,0.5873015873015873,53,29,0.5471698113207547,0.587301587301587
2021,11,trec-202111,200,200,126,97,0.7698412698412699,53,43,0.8113207547169812,0.76984126984127
2021,11,trec-202111,300,300,126,103,0.8174603174603174,53,47,0.8867924528301887,0.817460317460317
2021,11,trec-202111,400,400,126,103,0.8174603174603174,53,47,0.8867924528301887,0.817460317460317
2021,11,trec-202111,500,500,126,103,0.8174603174603174,53,47,0.8867924528301887,0.817460317460317
2021,11,trec-202111,600,600,126,103,0.8174603174603174,53,47,0.8867924528301887,0.817460317460317
2021,11,trec-202111,700,700,126,103,0.8174603174603174,53,47,0.8867924528301887,0.817460317460317
2021,11,trec-202111,800,800,126,103,0.8174603174603174,53,47,0.8867924528301887,0.817460317460317
2021,11,trec-202111,900,900,126,104,0.8253968253968254,53,47,0.8867924528301887,0.825396825396825
2021,11,trec-202111,1000,1000,126,104,0.8253968253968254,53,47,0.8867924528301887,0.825396825396825
2021,12,trec-202112,10,10,149,7,0.04697986577181208,104,7,0.0673076923076923,0.0469798657718121
2021,12,trec-202112,50,50,149,37,0.2483221476510067,104,28,0.2692307692307692,0.248322147651007
2021,12,trec-202112,100,100,149,68,0.4563758389261745,104,52,0.5,0.456375838926175
2021,12,trec-202112,200,200,149,113,0.7583892617449665,104,87,0.8365384615384616,0.758389261744966
2021,12,trec-202112,300,300,149,126,0.8456375838926175,104,94,0.9038461538461539,0.845637583892617
2021,12,trec-202112,400,400,149,126,0.8456375838926175,104,94,0.9038461538461539,0.845637583892617
2021,12,trec-202112,500,500,149,126,0.8456375838926175,104,94,0.9038461538461539,0.845637583892617
2021,12,trec-202112,600,600,149,126,0.8456375838926175,104,94,0.9038461538461539,0.845637583892617
2021,12,trec-202112,700,700,149,128,0.8590604026845637,104,95,0.9134615384615384,0.859060402684564
2021,12,trec-202112,800,800,149,130,0.87248322147651,104,95,0.9134615384615384,0.87248322147651
2021,12,trec-202112,900,900,149,131,0.8791946308724832,104,96,0.9230769230769231,0.879194630872483
2021,12,trec-202112,1000,1000,149,132,0.8859060402684564,104,97,0.9326923076923077,0.885906040268456
2021,13,trec-202113,10,10,138,6,0.043478260869565216,54,3,0.05555555555555555,0.0434782608695652
2021,13,trec-202113,50,50,138,21,0.15217391304347827,54,11,0.2037037037037037,0.152173913043478
2021,13,trec-202113,100,100,138,27,0.1956521739130435,54,15,0.2777777777777778,0.195652173913043
2021,13,trec-202113,200,200,138,39,0.2826086956521739,54,17,0.3148148148148148,0.282608695652174
2021,13,trec-202113,300,300,138,56,0.4057971014492754,54,26,0.48148148148148145,0.405797101449275
2021,13,trec-202113,400,400,138,62,0.4492753623188406,54,29,0.5370370370370371,0.449275362318841
2021,13,trec-202113,500,500,138,70,0.5072463768115942,54,31,0.5740740740740741,0.507246376811594
2021,13,trec-202113,600,600,138,83,0.6014492753623188,54,36,0.6666666666666666,0.601449275362319
2021,13,trec-202113,700,700,138,92,0.6666666666666666,54,41,0.7592592592592593,0.666666666666667
2021,13,trec-202113,800,800,138,92,0.6666666666666666,54,41,0.7592592592592593,0.666666666666667
2021,13,trec-202113,900,900,138,94,0.6811594202898551,54,42,0.7777777777777778,0.681159420289855
2021,13,trec-202113,1000,1000,138,94,0.6811594202898551,54,42,0.7777777777777778,0.681159420289855
2021,14,trec-202114,10,10,294,6,0.02040816326530612,68,1,0.014705882352941176,0.0204081632653061
2021,14,trec-202114,50,50,294,28,0.09523809523809523,68,5,0.07352941176470588,0.0952380952380952
2021,14,trec-202114,100,100,294,36,0.12244897959183673,68,7,0.10294117647058823,0.122448979591837
2021,14,trec-202114,200,200,294,53,0.18027210884353742,68,10,0.14705882352941177,0.180272108843537
2021,14,trec-202114,300,300,294,77,0.2619047619047619,68,20,0.29411764705882354,0.261904761904762
2021,14,trec-202114,400,400,294,114,0.3877551020408163,68,26,0.38235294117647056,0.387755102040816
2021,14,trec-202114,500,500,294,145,0.4931972789115646,68,36,0.5294117647058824,0.493197278911565
2021,14,trec-202114,600,600,294,169,0.5748299319727891,68,42,0.6176470588235294,0.574829931972789
2021,14,trec-202114,700,700,294,190,0.6462585034013606,68,47,0.6911764705882353,0.646258503401361
2021,14,trec-202114,800,800,294,201,0.6836734693877551,68,50,0.7352941176470589,0.683673469387755
2021,14,trec-202114,900,900,294,207,0.7040816326530612,68,50,0.7352941176470589,0.704081632653061
2021,14,trec-202114,1000,1000,294,213,0.7244897959183674,68,52,0.7647058823529411,0.724489795918367
2021,15,trec-202115,10,10,260,2,0.007692307692307693,143,0,0.0,0.00769230769230769
2021,15,trec-202115,50,50,260,18,0.06923076923076923,143,8,0.055944055944055944,0.0692307692307692
2021,15,trec-202115,100,100,260,31,0.11923076923076924,143,12,0.08391608391608392,0.119230769230769
2021,15,trec-202115,200,200,260,45,0.17307692307692307,143,21,0.14685314685314685,0.173076923076923
2021,15,trec-202115,300,300,260,63,0.2423076923076923,143,30,0.2097902097902098,0.242307692307692
2021,15,trec-202115,400,400,260,78,0.3,143,34,0.23776223776223776,0.3
2021,15,trec-202115,500,500,260,97,0.3730769230769231,143,42,0.2937062937062937,0.373076923076923
2021,15,trec-202115,600,600,260,103,0.39615384615384613,143,46,0.32167832167832167,0.396153846153846
2021,15,trec-202115,700,700,260,107,0.4115384615384615,143,48,0.3356643356643357,0.411538461538462
2021,15,trec-202115,800,800,260,113,0.4346153846153846,143,52,0.36363636363636365,0.434615384615385
2021,15,trec-202115,900,900,260,116,0.4461538461538462,143,52,0.36363636363636365,0.446153846153846
2021,15,trec-202115,1000,1000,260,118,0.45384615384615384,143,53,0.3706293706293706,0.453846153846154
2021,16,trec-202116,10,10,138,3,0.021739130434782608,62,2,0.03225806451612903,0.0217391304347826
2021,16,trec-202116,50,50,138,16,0.11594202898550725,62,6,0.0967741935483871,0.115942028985507
2021,16,trec-202116,100,100,138,24,0.17391304347826086,62,8,0.12903225806451613,0.173913043478261
2021,16,trec-202116,200,200,138,42,0.30434782608695654,62,20,0.3225806451612903,0.304347826086956
2021,16,trec-202116,300,300,138,60,0.43478260869565216,62,28,0.45161290322580644,0.434782608695652
2021,16,trec-202116,400,400,138,72,0.5217391304347826,62,34,0.5483870967741935,0.521739130434783
2021,16,trec-202116,500,500,138,79,0.572463768115942,62,38,0.6129032258064516,0.572463768115942
2021,16,trec-202116,600,600,138,86,0.6231884057971014,62,43,0.6935483870967742,0.623188405797101
2021,16,trec-202116,700,700,138,89,0.644927536231884,62,45,0.7258064516129032,0.644927536231884
2021,16,trec-202116,800,800,138,92,0.6666666666666666,62,46,0.7419354838709677,0.666666666666667
2021,16,trec-202116,900,900,138,93,0.6739130434782609,62,47,0.7580645161290323,0.673913043478261
2021,16,trec-202116,1000,1000,138,95,0.6884057971014492,62,48,0.7741935483870968,0.688405797101449
2021,17,trec-202117,10,10,251,7,0.027888446215139442,127,5,0.03937007874015748,0.0278884462151394
2021,17,trec-202117,50,50,251,37,0.14741035856573706,127,19,0.14960629921259844,0.147410358565737
2021,17,trec-202117,100,100,251,82,0.32669322709163345,127,39,0.30708661417322836,0.326693227091634
2021,17,trec-202117,200,200,251,153,0.6095617529880478,127,80,0.6299212598425197,0.609561752988048
2021,17,trec-202117,300,300,251,219,0.8725099601593626,127,114,0.8976377952755905,0.872509960159363
2021,17,trec-202117,400,400,251,238,0.9482071713147411,127,123,0.968503937007874,0.948207171314741
2021,17,trec-202117,500,500,251,242,0.9641434262948207,127,126,0.9921259842519685,0.964143426294821
2021,17,trec-202117,600,600,251,244,0.9721115537848606,127,126,0.9921259842519685,0.972111553784861
2021,17,trec-202117,700,700,251,244,0.9721115537848606,127,126,0.9921259842519685,0.972111553784861
2021,17,trec-202117,800,800,251,245,0.9760956175298805,127,126,0.9921259842519685,0.97609561752988
2021,17,trec-202117,900,900,251,245,0.9760956175298805,127,126,0.9921259842519685,0.97609561752988
2021,17,trec-202117,1000,1000,251,245,0.9760956175298805,127,126,0.9921259842519685,0.97609561752988
2021,18,trec-202118,10,10,206,4,0.019417475728155338,14,0,0.0,0.0194174757281553
2021,18,trec-202118,50,50,206,20,0.0970873786407767,14,0,0.0,0.0970873786407767
2021,18,trec-202118,100,100,206,41,0.19902912621359223,14,1,0.07142857142857142,0.199029126213592
2021,18,trec-202118,200,200,206,80,0.3883495145631068,14,3,0.21428571428571427,0.388349514563107
2021,18,trec-202118,300,300,206,106,0.5145631067961165,14,3,0.21428571428571427,0.514563106796116
2021,18,trec-202118,400,400,206,127,0.616504854368932,14,5,0.35714285714285715,0.616504854368932
2021,18,trec-202118,500,500,206,139,0.6747572815533981,14,6,0.42857142857142855,0.674757281553398
2021,18,trec-202118,600,600,206,144,0.6990291262135923,14,6,0.42857142857142855,0.699029126213592
2021,18,trec-202118,700,700,206,146,0.7087378640776699,14,6,0.42857142857142855,0.70873786407767
2021,18,trec-202118,800,800,206,147,0.7135922330097088,14,6,0.42857142857142855,0.713592233009709
2021,18,trec-202118,900,900,206,152,0.7378640776699029,14,7,0.5,0.737864077669903
2021,18,trec-202118,1000,1000,206,156,0.7572815533980582,14,7,0.5,0.757281553398058
2021,19,trec-202119,10,10,153,0,0.0,115,0,0.0,0
2021,19,trec-202119,50,50,153,2,0.013071895424836602,115,0,0.0,0.0130718954248366
2021,19,trec-202119,100,100,153,3,0.0196078431372549,115,0,0.0,0.0196078431372549
2021,19,trec-202119,200,200,153,8,0.05228758169934641,115,2,0.017391304347826087,0.0522875816993464
2021,19,trec-202119,300,300,153,12,0.0784313725490196,115,4,0.034782608695652174,0.0784313725490196
2021,19,trec-202119,400,400,153,14,0.0915032679738562,115,4,0.034782608695652174,0.0915032679738562
2021,19,trec-202119,500,500,153,20,0.13071895424836602,115,9,0.0782608695652174,0.130718954248366
2021,19,trec-202119,600,600,153,24,0.1568627450980392,115,10,0.08695652173913043,0.156862745098039
2021,19,trec-202119,700,700,153,27,0.17647058823529413,115,12,0.10434782608695652,0.176470588235294
2021,19,trec-202119,800,800,153,28,0.1830065359477124,115,13,0.11304347826086956,0.183006535947712
2021,19,trec-202119,900,900,153,30,0.19607843137254902,115,15,0.13043478260869565,0.196078431372549
2021,19,trec-202119,1000,1000,153,34,0.2222222222222222,115,19,0.16521739130434782,0.222222222222222
2021,20,trec-202120,10,10,70,8,0.11428571428571428,42,2,0.047619047619047616,0.114285714285714
2021,20,trec-202120,50,50,70,33,0.4714285714285714,42,17,0.40476190476190477,0.471428571428571
2021,20,trec-202120,100,100,70,52,0.7428571428571429,42,32,0.7619047619047619,0.742857142857143
2021,20,trec-202120,200,200,70,61,0.8714285714285714,42,39,0.9285714285714286,0.871428571428571
2021,20,trec-202120,300,300,70,61,0.8714285714285714,42,39,0.9285714285714286,0.871428571428571
2021,20,trec-202120,400,400,70,62,0.8857142857142857,42,40,0.9523809523809523,0.885714285714286
2021,20,trec-202120,500,500,70,62,0.8857142857142857,42,40,0.9523809523809523,0.885714285714286
2021,20,trec-202120,600,600,70,62,0.8857142857142857,42,40,0.9523809523809523,0.885714285714286
2021,20,trec-202120,700,700,70,62,0.8857142857142857,42,40,0.9523809523809523,0.885714285714286
2021,20,trec-202120,800,800,70,62,0.8857142857142857,42,40,0.9523809523809523,0.885714285714286
2021,20,trec-202120,900,900,70,62,0.8857142857142857,42,40,0.9523809523809523,0.885714285714286
2021,20,trec-202120,1000,1000,70,63,0.9,42,40,0.9523809523809523,0.9
2021,21,trec-202121,10,10,53,6,0.11320754716981132,49,6,0.12244897959183673,0.113207547169811
2021,21,trec-202121,50,50,53,28,0.5283018867924528,49,28,0.5714285714285714,0.528301886792453
2021,21,trec-202121,100,100,53,36,0.6792452830188679,49,36,0.7346938775510204,0.679245283018868
2021,21,trec-202121,200,200,53,46,0.8679245283018868,49,44,0.8979591836734694,0.867924528301887
2021,21,trec-202121,300,300,53,46,0.8679245283018868,49,44,0.8979591836734694,0.867924528301887
2021,21,trec-202121,400,400,53,46,0.8679245283018868,49,44,0.8979591836734694,0.867924528301887
2021,21,trec-202121,500,500,53,46,0.8679245283018868,49,44,0.8979591836734694,0.867924528301887
2021,21,trec-202121,600,600,53,46,0.8679245283018868,49,44,0.8979591836734694,0.867924528301887
2021,21,trec-202121,700,700,53,46,0.8679245283018868,49,44,0.8979591836734694,0.867924528301887
2021,21,trec-202121,800,800,53,46,0.8679245283018868,49,44,0.8979591836734694,0.867924528301887
2021,21,trec-202121,900,900,53,46,0.8679245283018868,49,44,0.8979591836734694,0.867924528301887
2021,21,trec-202121,1000,1000,53,46,0.8679245283018868,49,44,0.8979591836734694,0.867924528301887
2021,22,trec-202122,10,10,137,8,0.058394160583941604,71,6,0.08450704225352113,0.0583941605839416
2021,22,trec-202122,50,50,137,41,0.29927007299270075,71,28,0.39436619718309857,0.299270072992701
2021,22,trec-202122,100,100,137,71,0.5182481751824818,71,49,0.6901408450704225,0.518248175182482
2021,22,trec-202122,200,200,137,96,0.7007299270072993,71,61,0.8591549295774648,0.700729927007299
2021,22,trec-202122,300,300,137,96,0.7007299270072993,71,61,0.8591549295774648,0.700729927007299
2021,22,trec-202122,400,400,137,99,0.7226277372262774,71,63,0.8873239436619719,0.722627737226277
2021,22,trec-202122,500,500,137,102,0.7445255474452555,71,64,0.9014084507042254,0.744525547445255
2021,22,trec-202122,600,600,137,102,0.7445255474452555,71,64,0.9014084507042254,0.744525547445255
2021,22,trec-202122,700,700,137,107,0.781021897810219,71,67,0.9436619718309859,0.781021897810219
2021,22,trec-202122,800,800,137,108,0.7883211678832117,71,67,0.9436619718309859,0.788321167883212
2021,22,trec-202122,900,900,137,111,0.8102189781021898,71,68,0.9577464788732394,0.81021897810219
2021,22,trec-202122,1000,1000,137,112,0.8175182481751825,71,68,0.9577464788732394,0.817518248175182
2021,23,trec-202123,10,10,267,5,0.018726591760299626,84,1,0.011904761904761904,0.0187265917602996
2021,23,trec-202123,50,50,267,22,0.08239700374531835,84,5,0.05952380952380952,0.0823970037453183
2021,23,trec-202123,100,100,267,52,0.1947565543071161,84,15,0.17857142857142858,0.194756554307116
2021,23,trec-202123,200,200,267,107,0.40074906367041196,84,31,0.36904761904761907,0.400749063670412
2021,23,trec-202123,300,300,267,154,0.5767790262172284,84,54,0.6428571428571429,0.576779026217228
2021,23,trec-202123,400,400,267,194,0.7265917602996255,84,65,0.7738095238095238,0.726591760299625
2021,23,trec-202123,500,500,267,215,0.8052434456928839,84,74,0.8809523809523809,0.805243445692884
2021,23,trec-202123,600,600,267,221,0.8277153558052435,84,78,0.9285714285714286,0.827715355805243
2021,23,trec-202123,700,700,267,221,0.8277153558052435,84,78,0.9285714285714286,0.827715355805243
2021,23,trec-202123,800,800,267,221,0.8277153558052435,84,78,0.9285714285714286,0.827715355805243
2021,23,trec-202123,900,900,267,223,0.8352059925093633,84,79,0.9404761904761905,0.835205992509363
2021,23,trec-202123,1000,1000,267,223,0.8352059925093633,84,79,0.9404761904761905,0.835205992509363
2021,24,trec-202124,10,10,158,7,0.04430379746835443,111,7,0.06306306306306306,0.0443037974683544
2021,24,trec-202124,50,50,158,35,0.22151898734177214,111,27,0.24324324324324326,0.221518987341772
2021,24,trec-202124,100,100,158,57,0.36075949367088606,111,42,0.3783783783783784,0.360759493670886
2021,24,trec-202124,200,200,158,95,0.6012658227848101,111,67,0.6036036036036037,0.60126582278481
2021,24,trec-202124,300,300,158,123,0.7784810126582279,111,88,0.7927927927927928,0.778481012658228
2021,24,trec-202124,400,400,158,141,0.8924050632911392,111,102,0.918918918918919,0.892405063291139
2021,24,trec-202124,500,500,158,152,0.9620253164556962,111,109,0.9819819819819819,0.962025316455696
2021,24,trec-202124,600,600,158,153,0.9683544303797469,111,110,0.990990990990991,0.968354430379747
2021,24,trec-202124,700,700,158,153,0.9683544303797469,111,110,0.990990990990991,0.968354430379747
2021,24,trec-202124,800,800,158,154,0.9746835443037974,111,110,0.990990990990991,0.974683544303797
2021,24,trec-202124,900,900,158,154,0.9746835443037974,111,110,0.990990990990991,0.974683544303797
2021,24,trec-202124,1000,1000,158,155,0.9810126582278481,111,110,0.990990990990991,0.981012658227848
2021,25,trec-202125,10,10,102,1,0.00980392156862745,74,1,0.013513513513513514,0.00980392156862745
2021,25,trec-202125,50,50,102,6,0.058823529411764705,74,4,0.05405405405405406,0.0588235294117647
2021,25,trec-202125,100,100,102,10,0.09803921568627451,74,7,0.0945945945945946,0.0980392156862745
2021,25,trec-202125,200,200,102,18,0.17647058823529413,74,12,0.16216216216216217,0.176470588235294
2021,25,trec-202125,300,300,102,27,0.2647058823529412,74,18,0.24324324324324326,0.264705882352941
2021,25,trec-202125,400,400,102,41,0.4019607843137255,74,32,0.43243243243243246,0.401960784313726
2021,25,trec-202125,500,500,102,56,0.5490196078431373,74,46,0.6216216216216216,0.549019607843137
2021,25,trec-202125,600,600,102,70,0.6862745098039216,74,59,0.7972972972972973,0.686274509803922
2021,25,trec-202125,700,700,102,79,0.7745098039215687,74,66,0.8918918918918919,0.774509803921569
2021,25,trec-202125,800,800,102,85,0.8333333333333334,74,72,0.972972972972973,0.833333333333333
2021,25,trec-202125,900,900,102,85,0.8333333333333334,74,72,0.972972972972973,0.833333333333333
2021,25,trec-202125,1000,1000,102,86,0.8431372549019608,74,73,0.9864864864864865,0.843137254901961
2021,26,trec-202126,10,10,160,3,0.01875,87,1,0.011494252873563218,0.01875
2021,26,trec-202126,50,50,160,24,0.15,87,9,0.10344827586206896,0.15
2021,26,trec-202126,100,100,160,43,0.26875,87,19,0.21839080459770116,0.26875
2021,26,trec-202126,200,200,160,81,0.50625,87,39,0.4482758620689655,0.50625
2021,26,trec-202126,300,300,160,96,0.6,87,49,0.5632183908045977,0.6
2021,26,trec-202126,400,400,160,106,0.6625,87,56,0.6436781609195402,0.6625
2021,26,trec-202126,500,500,160,114,0.7125,87,58,0.6666666666666666,0.7125
2021,26,trec-202126,600,600,160,117,0.73125,87,61,0.7011494252873564,0.73125
2021,26,trec-202126,700,700,160,118,0.7375,87,62,0.7126436781609196,0.7375
2021,26,trec-202126,800,800,160,120,0.75,87,64,0.735632183908046,0.75
2021,26,trec-202126,900,900,160,120,0.75,87,64,0.735632183908046,0.75
2021,26,trec-202126,1000,1000,160,120,0.75,87,64,0.735632183908046,0.75
2021,27,trec-202127,10,10,233,6,0.02575107296137339,57,0,0.0,0.0257510729613734
2021,27,trec-202127,50,50,233,28,0.12017167381974249,57,4,0.07017543859649122,0.120171673819743
2021,27,trec-202127,100,100,233,59,0.2532188841201717,57,10,0.17543859649122806,0.253218884120172
2021,27,trec-202127,200,200,233,122,0.5236051502145923,57,25,0.43859649122807015,0.523605150214592
2021,27,trec-202127,300,300,233,163,0.6995708154506438,57,36,0.631578947368421,0.699570815450644
2021,27,trec-202127,400,400,233,192,0.8240343347639485,57,42,0.7368421052631579,0.824034334763948
2021,27,trec-202127,500,500,233,212,0.9098712446351931,57,48,0.8421052631578947,0.909871244635193
2021,27,trec-202127,600,600,233,219,0.9399141630901288,57,51,0.8947368421052632,0.939914163090129
2021,27,trec-202127,700,700,233,221,0.9484978540772532,57,52,0.9122807017543859,0.948497854077253
2021,27,trec-202127,800,800,233,222,0.9527896995708155,57,52,0.9122807017543859,0.952789699570815
2021,27,trec-202127,900,900,233,222,0.9527896995708155,57,52,0.9122807017543859,0.952789699570815
2021,27,trec-202127,1000,1000,233,223,0.9570815450643777,57,53,0.9298245614035088,0.957081545064378
2021,28,trec-202128,10,10,324,7,0.021604938271604937,143,2,0.013986013986013986,0.0216049382716049
2021,28,trec-202128,50,50,324,35,0.10802469135802469,143,13,0.09090909090909091,0.108024691358025
2021,28,trec-202128,100,100,324,68,0.20987654320987653,143,28,0.1958041958041958,0.209876543209877
2021,28,trec-202128,200,200,324,134,0.41358024691358025,143,53,0.3706293706293706,0.41358024691358
2021,28,trec-202128,300,300,324,195,0.6018518518518519,143,79,0.5524475524475524,0.601851851851852
2021,28,trec-202128,400,400,324,234,0.7222222222222222,143,99,0.6923076923076923,0.722222222222222
2021,28,trec-202128,500,500,324,265,0.8179012345679012,143,113,0.7902097902097902,0.817901234567901
2021,28,trec-202128,600,600,324,279,0.8611111111111112,143,120,0.8391608391608392,0.861111111111111
2021,28,trec-202128,700,700,324,292,0.9012345679012346,143,126,0.8811188811188811,0.901234567901235
2021,28,trec-202128,800,800,324,300,0.9259259259259259,143,130,0.9090909090909091,0.925925925925926
2021,28,trec-202128,900,900,324,306,0.9444444444444444,143,133,0.9300699300699301,0.944444444444444
2021,28,trec-202128,1000,1000,324,310,0.9567901234567902,143,134,0.9370629370629371,0.95679012345679
2021,29,trec-202129,10,10,258,4,0.015503875968992248,72,2,0.027777777777777776,0.0155038759689922
2021,29,trec-202129,50,50,258,34,0.13178294573643412,72,12,0.16666666666666666,0.131782945736434
2021,29,trec-202129,100,100,258,65,0.25193798449612403,72,24,0.3333333333333333,0.251937984496124
2021,29,trec-202129,200,200,258,116,0.4496124031007752,72,39,0.5416666666666666,0.449612403100775
2021,29,trec-202129,300,300,258,151,0.5852713178294574,72,53,0.7361111111111112,0.585271317829457
2021,29,trec-202129,400,400,258,169,0.6550387596899225,72,58,0.8055555555555556,0.655038759689923
2021,29,trec-202129,500,500,258,181,0.7015503875968992,72,63,0.875,0.701550387596899
2021,29,trec-202129,600,600,258,195,0.7558139534883721,72,67,0.9305555555555556,0.755813953488372
2021,29,trec-202129,700,700,258,204,0.7906976744186046,72,68,0.9444444444444444,0.790697674418605
2021,29,trec-202129,800,800,258,206,0.7984496124031008,72,69,0.9583333333333334,0.798449612403101
2021,29,trec-202129,900,900,258,208,0.8062015503875969,72,70,0.9722222222222222,0.806201550387597
2021,29,trec-202129,1000,1000,258,208,0.8062015503875969,72,70,0.9722222222222222,0.806201550387597
2021,30,trec-202130,10,10,150,9,0.06,48,6,0.125,0.06
2021,30,trec-202130,50,50,150,30,0.2,48,18,0.375,0.2
2021,30,trec-202130,100,100,150,40,0.26666666666666666,48,24,0.5,0.266666666666667
2021,30,trec-202130,200,200,150,63,0.42,48,33,0.6875,0.42
2021,30,trec-202130,300,300,150,67,0.44666666666666666,48,34,0.7083333333333334,0.446666666666667
2021,30,trec-202130,400,400,150,73,0.4866666666666667,48,35,0.7291666666666666,0.486666666666667
2021,30,trec-202130,500,500,150,78,0.52,48,36,0.75,0.52
2021,30,trec-202130,600,600,150,82,0.5466666666666666,48,37,0.7708333333333334,0.546666666666667
2021,30,trec-202130,700,700,150,86,0.5733333333333334,48,37,0.7708333333333334,0.573333333333333
2021,30,trec-202130,800,800,150,86,0.5733333333333334,48,37,0.7708333333333334,0.573333333333333
2021,30,trec-202130,900,900,150,88,0.5866666666666667,48,37,0.7708333333333334,0.586666666666667
2021,30,trec-202130,1000,1000,150,89,0.5933333333333334,48,37,0.7708333333333334,0.593333333333333
2021,31,trec-202131,10,10,172,3,0.01744186046511628,45,0,0.0,0.0174418604651163
2021,31,trec-202131,50,50,172,24,0.13953488372093023,45,8,0.17777777777777778,0.13953488372093
2021,31,trec-202131,100,100,172,40,0.23255813953488372,45,13,0.28888888888888886,0.232558139534884
2021,31,trec-202131,200,200,172,76,0.4418604651162791,45,27,0.6,0.441860465116279
2021,31,trec-202131,300,300,172,95,0.5523255813953488,45,35,0.7777777777777778,0.552325581395349
2021,31,trec-202131,400,400,172,113,0.6569767441860465,45,39,0.8666666666666667,0.656976744186046
2021,31,trec-202131,500,500,172,121,0.7034883720930233,45,40,0.8888888888888888,0.703488372093023
2021,31,trec-202131,600,600,172,122,0.7093023255813954,45,40,0.8888888888888888,0.709302325581395
2021,31,trec-202131,700,700,172,122,0.7093023255813954,45,40,0.8888888888888888,0.709302325581395
2021,31,trec-202131,800,800,172,122,0.7093023255813954,45,40,0.8888888888888888,0.709302325581395
2021,31,trec-202131,900,900,172,122,0.7093023255813954,45,40,0.8888888888888888,0.709302325581395
2021,31,trec-202131,1000,1000,172,122,0.7093023255813954,45,40,0.8888888888888888,0.709302325581395
2021,32,trec-202132,10,10,53,6,0.11320754716981132,26,4,0.15384615384615385,0.113207547169811
2021,32,trec-202132,50,50,53,17,0.32075471698113206,26,12,0.46153846153846156,0.320754716981132
2021,32,trec-202132,100,100,53,18,0.33962264150943394,26,13,0.5,0.339622641509434
2021,32,trec-202132,200,200,53,19,0.3584905660377358,26,14,0.5384615384615384,0.358490566037736
2021,32,trec-202132,300,300,53,19,0.3584905660377358,26,14,0.5384615384615384,0.358490566037736
2021,32,trec-202132,400,400,53,20,0.37735849056603776,26,15,0.5769230769230769,0.377358490566038
2021,32,trec-202132,500,500,53,20,0.37735849056603776,26,15,0.5769230769230769,0.377358490566038
2021,32,trec-202132,600,600,53,21,0.39622641509433965,26,16,0.6153846153846154,0.39622641509434
2021,32,trec-202132,700,700,53,21,0.39622641509433965,26,16,0.6153846153846154,0.39622641509434
2021,32,trec-202132,800,800,53,21,0.39622641509433965,26,16,0.6153846153846154,0.39622641509434
2021,32,trec-202132,900,900,53,21,0.39622641509433965,26,16,0.6153846153846154,0.39622641509434
2021,32,trec-202132,1000,1000,53,21,0.39622641509433965,26,16,0.6153846153846154,0.39622641509434
2021,33,trec-202133,10,10,209,2,0.009569377990430622,203,2,0.009852216748768473,0.00956937799043062
2021,33,trec-202133,50,50,209,25,0.11961722488038277,203,25,0.12315270935960591,0.119617224880383
2021,33,trec-202133,100,100,209,51,0.24401913875598086,203,50,0.24630541871921183,0.244019138755981
2021,33,trec-202133,200,200,209,82,0.3923444976076555,203,80,0.39408866995073893,0.392344497607655
2021,33,trec-202133,300,300,209,92,0.44019138755980863,203,89,0.43842364532019706,0.440191387559809
2021,33,trec-202133,400,400,209,101,0.48325358851674644,203,98,0.4827586206896552,0.483253588516746
2021,33,trec-202133,500,500,209,103,0.49282296650717705,203,100,0.49261083743842365,0.492822966507177
2021,33,trec-202133,600,600,209,114,0.5454545454545454,203,111,0.5467980295566502,0.545454545454545
2021,33,trec-202133,700,700,209,118,0.5645933014354066,203,115,0.5665024630541872,0.564593301435407
2021,33,trec-202133,800,800,209,123,0.5885167464114832,203,119,0.5862068965517241,0.588516746411483
2021,33,trec-202133,900,900,209,125,0.5980861244019139,203,121,0.5960591133004927,0.598086124401914
2021,33,trec-202133,1000,1000,209,127,0.6076555023923444,203,123,0.6059113300492611,0.607655502392344
2021,34,trec-202134,10,10,150,4,0.02666666666666667,79,3,0.0379746835443038,0.0266666666666667
2021,34,trec-202134,50,50,150,12,0.08,79,8,0.10126582278481013,0.08
2021,34,trec-202134,100,100,150,26,0.17333333333333334,79,16,0.20253164556962025,0.173333333333333
2021,34,trec-202134,200,200,150,49,0.32666666666666666,79,31,0.3924050632911392,0.326666666666667
2021,34,trec-202134,300,300,150,70,0.4666666666666667,79,43,0.5443037974683544,0.466666666666667
2021,34,trec-202134,400,400,150,83,0.5533333333333333,79,51,0.6455696202531646,0.553333333333333
2021,34,trec-202134,500,500,150,92,0.6133333333333333,79,58,0.7341772151898734,0.613333333333333
2021,34,trec-202134,600,600,150,96,0.64,79,62,0.7848101265822784,0.64
2021,34,trec-202134,700,700,150,99,0.66,79,62,0.7848101265822784,0.66
2021,34,trec-202134,800,800,150,104,0.6933333333333334,79,63,0.7974683544303798,0.693333333333333
2021,34,trec-202134,900,900,150,105,0.7,79,63,0.7974683544303798,0.7
2021,34,trec-202134,1000,1000,150,107,0.7133333333333334,79,63,0.7974683544303798,0.713333333333333
2021,35,trec-202135,10,10,174,9,0.05172413793103448,82,8,0.0975609756097561,0.0517241379310345
2021,35,trec-202135,50,50,174,46,0.26436781609195403,82,43,0.524390243902439,0.264367816091954
2021,35,trec-202135,100,100,174,80,0.45977011494252873,82,74,0.9024390243902439,0.459770114942529
2021,35,trec-202135,200,200,174,87,0.5,82,81,0.9878048780487805,0.5
2021,35,trec-202135,300,300,174,88,0.5057471264367817,82,82,1.0,0.505747126436782
2021,35,trec-202135,400,400,174,88,0.5057471264367817,82,82,1.0,0.505747126436782
2021,35,trec-202135,500,500,174,88,0.5057471264367817,82,82,1.0,0.505747126436782
2021,35,trec-202135,600,600,174,88,0.5057471264367817,82,82,1.0,0.505747126436782
2021,35,trec-202135,700,700,174,88,0.5057471264367817,82,82,1.0,0.505747126436782
2021,35,trec-202135,800,800,174,88,0.5057471264367817,82,82,1.0,0.505747126436782
2021,35,trec-202135,900,900,174,88,0.5057471264367817,82,82,1.0,0.505747126436782
2021,35,trec-202135,1000,1000,174,88,0.5057471264367817,82,82,1.0,0.505747126436782
2021,36,trec-202136,10,10,309,5,0.016181229773462782,184,4,0.021739130434782608,0.0161812297734628
2021,36,trec-202136,50,50,309,14,0.045307443365695796,184,10,0.05434782608695652,0.0453074433656958
2021,36,trec-202136,100,100,309,25,0.08090614886731391,184,17,0.09239130434782608,0.0809061488673139
2021,36,trec-202136,200,200,309,46,0.1488673139158576,184,32,0.17391304347826086,0.148867313915858
2021,36,trec-202136,300,300,309,75,0.24271844660194175,184,55,0.29891304347826086,0.242718446601942
2021,36,trec-202136,400,400,309,105,0.33980582524271846,184,78,0.42391304347826086,0.339805825242719
2021,36,trec-202136,500,500,309,122,0.3948220064724919,184,92,0.5,0.394822006472492
2021,36,trec-202136,600,600,309,139,0.44983818770226536,184,105,0.5706521739130435,0.449838187702265
2021,36,trec-202136,700,700,309,159,0.5145631067961165,184,116,0.6304347826086957,0.514563106796116
2021,36,trec-202136,800,800,309,169,0.5469255663430421,184,123,0.6684782608695652,0.546925566343042
2021,36,trec-202136,900,900,309,174,0.5631067961165048,184,127,0.6902173913043478,0.563106796116505
2021,36,trec-202136,1000,1000,309,179,0.5792880258899676,184,130,0.7065217391304348,0.579288025889968
2021,37,trec-202137,10,10,248,9,0.036290322580645164,170,8,0.047058823529411764,0.0362903225806452
2021,37,trec-202137,50,50,248,48,0.1935483870967742,170,41,0.2411764705882353,0.193548387096774
2021,37,trec-202137,100,100,248,94,0.3790322580645161,170,75,0.4411764705882353,0.379032258064516
2021,37,trec-202137,200,200,248,185,0.7459677419354839,170,138,0.8117647058823529,0.745967741935484
2021,37,trec-202137,300,300,248,233,0.9395161290322581,170,166,0.9764705882352941,0.939516129032258
2021,37,trec-202137,400,400,248,236,0.9516129032258065,170,168,0.9882352941176471,0.951612903225806
2021,37,trec-202137,500,500,248,236,0.9516129032258065,170,168,0.9882352941176471,0.951612903225806
2021,37,trec-202137,600,600,248,236,0.9516129032258065,170,168,0.9882352941176471,0.951612903225806
2021,37,trec-202137,700,700,248,236,0.9516129032258065,170,168,0.9882352941176471,0.951612903225806
2021,37,trec-202137,800,800,248,236,0.9516129032258065,170,168,0.9882352941176471,0.951612903225806
2021,37,trec-202137,900,900,248,236,0.9516129032258065,170,168,0.9882352941176471,0.951612903225806
2021,37,trec-202137,1000,1000,248,236,0.9516129032258065,170,168,0.9882352941176471,0.951612903225806
2021,38,trec-202138,10,10,81,10,0.12345679012345678,52,7,0.1346153846153846,0.123456790123457
2021,38,trec-202138,50,50,81,49,0.6049382716049383,52,35,0.6730769230769231,0.604938271604938
2021,38,trec-202138,100,100,81,77,0.9506172839506173,52,49,0.9423076923076923,0.950617283950617
2021,38,trec-202138,200,200,81,78,0.9629629629629629,52,50,0.9615384615384616,0.962962962962963
2021,38,trec-202138,300,300,81,78,0.9629629629629629,52,50,0.9615384615384616,0.962962962962963
2021,38,trec-202138,400,400,81,78,0.9629629629629629,52,50,0.9615384615384616,0.962962962962963
2021,38,trec-202138,500,500,81,78,0.9629629629629629,52,50,0.9615384615384616,0.962962962962963
2021,38,trec-202138,600,600,81,78,0.9629629629629629,52,50,0.9615384615384616,0.962962962962963
2021,38,trec-202138,700,700,81,78,0.9629629629629629,52,50,0.9615384615384616,0.962962962962963
2021,38,trec-202138,800,800,81,78,0.9629629629629629,52,50,0.9615384615384616,0.962962962962963
2021,38,trec-202138,900,900,81,78,0.9629629629629629,52,50,0.9615384615384616,0.962962962962963
2021,38,trec-202138,1000,1000,81,78,0.9629629629629629,52,50,0.9615384615384616,0.962962962962963
2021,39,trec-202139,10,10,59,5,0.0847457627118644,34,2,0.058823529411764705,0.0847457627118644
2021,39,trec-202139,50,50,59,14,0.23728813559322035,34,4,0.11764705882352941,0.23728813559322
2021,39,trec-202139,100,100,59,14,0.23728813559322035,34,4,0.11764705882352941,0.23728813559322
2021,39,trec-202139,200,200,59,15,0.2542372881355932,34,4,0.11764705882352941,0.254237288135593
2021,39,trec-202139,300,300,59,15,0.2542372881355932,34,4,0.11764705882352941,0.254237288135593
2021,39,trec-202139,400,400,59,15,0.2542372881355932,34,4,0.11764705882352941,0.254237288135593
2021,39,trec-202139,500,500,59,17,0.288135593220339,34,5,0.14705882352941177,0.288135593220339
2021,39,trec-202139,600,600,59,17,0.288135593220339,34,5,0.14705882352941177,0.288135593220339
2021,39,trec-202139,700,700,59,17,0.288135593220339,34,5,0.14705882352941177,0.288135593220339
2021,39,trec-202139,800,800,59,17,0.288135593220339,34,5,0.14705882352941177,0.288135593220339
2021,39,trec-202139,900,900,59,17,0.288135593220339,34,5,0.14705882352941177,0.288135593220339
2021,39,trec-202139,1000,1000,59,17,0.288135593220339,34,5,0.14705882352941177,0.288135593220339
2021,40,trec-202140,10,10,13,9,0.6923076923076923,11,8,0.7272727272727273,0.692307692307692
2021,40,trec-202140,50,50,13,13,1.0,11,11,1.0,1
2021,40,trec-202140,100,100,13,13,1.0,11,11,1.0,1
2021,40,trec-202140,200,200,13,13,1.0,11,11,1.0,1
2021,40,trec-202140,300,300,13,13,1.0,11,11,1.0,1
2021,40,trec-202140,400,400,13,13,1.0,11,11,1.0,1
2021,40,trec-202140,500,500,13,13,1.0,11,11,1.0,1
2021,40,trec-202140,600,600,13,13,1.0,11,11,1.0,1
2021,40,trec-202140,700,700,13,13,1.0,11,11,1.0,1
2021,40,trec-202140,800,800,13,13,1.0,11,11,1.0,1
2021,40,trec-202140,900,900,13,13,1.0,11,11,1.0,1
2021,40,trec-202140,1000,1000,13,13,1.0,11,11,1.0,1
2021,41,trec-202141,10,10,308,8,0.025974025974025976,134,3,0.022388059701492536,0.025974025974026
2021,41,trec-202141,50,50,308,33,0.10714285714285714,134,13,0.09701492537313433,0.107142857142857
2021,41,trec-202141,100,100,308,60,0.19480519480519481,134,27,0.20149253731343283,0.194805194805195
2021,41,trec-202141,200,200,308,111,0.36038961038961037,134,52,0.3880597014925373,0.36038961038961
2021,41,trec-202141,300,300,308,174,0.564935064935065,134,76,0.5671641791044776,0.564935064935065
2021,41,trec-202141,400,400,308,227,0.737012987012987,134,107,0.7985074626865671,0.737012987012987
2021,41,trec-202141,500,500,308,261,0.8474025974025974,134,126,0.9402985074626866,0.847402597402597
2021,41,trec-202141,600,600,308,270,0.8766233766233766,134,128,0.9552238805970149,0.876623376623377
2021,41,trec-202141,700,700,308,270,0.8766233766233766,134,128,0.9552238805970149,0.876623376623377
2021,41,trec-202141,800,800,308,270,0.8766233766233766,134,128,0.9552238805970149,0.876623376623377
2021,41,trec-202141,900,900,308,271,0.8798701298701299,134,128,0.9552238805970149,0.87987012987013
2021,41,trec-202141,1000,1000,308,273,0.8863636363636364,134,128,0.9552238805970149,0.886363636363636
2021,42,trec-202142,10,10,71,5,0.07042253521126761,38,3,0.07894736842105263,0.0704225352112676
2021,42,trec-202142,50,50,71,25,0.352112676056338,38,17,0.4473684210526316,0.352112676056338
2021,42,trec-202142,100,100,71,38,0.5352112676056338,38,24,0.631578947368421,0.535211267605634
2021,42,trec-202142,200,200,71,48,0.676056338028169,38,29,0.7631578947368421,0.676056338028169
2021,42,trec-202142,300,300,71,54,0.7605633802816901,38,31,0.8157894736842105,0.76056338028169
2021,42,trec-202142,400,400,71,57,0.8028169014084507,38,32,0.8421052631578947,0.802816901408451
2021,42,trec-202142,500,500,71,59,0.8309859154929577,38,32,0.8421052631578947,0.830985915492958
2021,42,trec-202142,600,600,71,59,0.8309859154929577,38,32,0.8421052631578947,0.830985915492958
2021,42,trec-202142,700,700,71,59,0.8309859154929577,38,32,0.8421052631578947,0.830985915492958
2021,42,trec-202142,800,800,71,59,0.8309859154929577,38,32,0.8421052631578947,0.830985915492958
2021,42,trec-202142,900,900,71,60,0.8450704225352113,38,33,0.868421052631579,0.845070422535211
2021,42,trec-202142,1000,1000,71,60,0.8450704225352113,38,33,0.868421052631579,0.845070422535211
2021,43,trec-202143,10,10,155,6,0.03870967741935484,63,3,0.047619047619047616,0.0387096774193548
2021,43,trec-202143,50,50,155,38,0.24516129032258063,63,17,0.2698412698412698,0.245161290322581
2021,43,trec-202143,100,100,155,77,0.4967741935483871,63,34,0.5396825396825397,0.496774193548387
2021,43,trec-202143,200,200,155,120,0.7741935483870968,63,51,0.8095238095238095,0.774193548387097
2021,43,trec-202143,300,300,155,130,0.8387096774193549,63,55,0.873015873015873,0.838709677419355
2021,43,trec-202143,400,400,155,132,0.8516129032258064,63,55,0.873015873015873,0.851612903225806
2021,43,trec-202143,500,500,155,133,0.8580645161290322,63,56,0.8888888888888888,0.858064516129032
2021,43,trec-202143,600,600,155,133,0.8580645161290322,63,56,0.8888888888888888,0.858064516129032
2021,43,trec-202143,700,700,155,135,0.8709677419354839,63,56,0.8888888888888888,0.870967741935484
2021,43,trec-202143,800,800,155,135,0.8709677419354839,63,56,0.8888888888888888,0.870967741935484
2021,43,trec-202143,900,900,155,135,0.8709677419354839,63,56,0.8888888888888888,0.870967741935484
2021,43,trec-202143,1000,1000,155,135,0.8709677419354839,63,56,0.8888888888888888,0.870967741935484
2021,44,trec-202144,10,10,195,10,0.05128205128205128,6,0,0.0,0.0512820512820513
2021,44,trec-202144,50,50,195,47,0.24102564102564103,6,3,0.5,0.241025641025641
2021,44,trec-202144,100,100,195,93,0.47692307692307695,6,3,0.5,0.476923076923077
2021,44,trec-202144,200,200,195,138,0.7076923076923077,6,5,0.8333333333333334,0.707692307692308
2021,44,trec-202144,300,300,195,139,0.7128205128205128,6,5,0.8333333333333334,0.712820512820513
2021,44,trec-202144,400,400,195,139,0.7128205128205128,6,5,0.8333333333333334,0.712820512820513
2021,44,trec-202144,500,500,195,140,0.717948717948718,6,5,0.8333333333333334,0.717948717948718
2021,44,trec-202144,600,600,195,140,0.717948717948718,6,5,0.8333333333333334,0.717948717948718
2021,44,trec-202144,700,700,195,140,0.717948717948718,6,5,0.8333333333333334,0.717948717948718
2021,44,trec-202144,800,800,195,140,0.717948717948718,6,5,0.8333333333333334,0.717948717948718
2021,44,trec-202144,900,900,195,140,0.717948717948718,6,5,0.8333333333333334,0.717948717948718
2021,44,trec-202144,1000,1000,195,141,0.7230769230769231,6,5,0.8333333333333334,0.723076923076923
2021,45,trec-202145,10,10,186,10,0.053763440860215055,145,7,0.04827586206896552,0.053763440860215
2021,45,trec-202145,50,50,186,47,0.25268817204301075,145,35,0.2413793103448276,0.252688172043011
2021,45,trec-202145,100,100,186,90,0.4838709677419355,145,70,0.4827586206896552,0.483870967741935
2021,45,trec-202145,200,200,186,159,0.8548387096774194,145,134,0.9241379310344827,0.854838709677419
2021,45,trec-202145,300,300,186,164,0.8817204301075269,145,138,0.9517241379310345,0.881720430107527
2021,45,trec-202145,400,400,186,164,0.8817204301075269,145,138,0.9517241379310345,0.881720430107527
2021,45,trec-202145,500,500,186,164,0.8817204301075269,145,138,0.9517241379310345,0.881720430107527
2021,45,trec-202145,600,600,186,164,0.8817204301075269,145,138,0.9517241379310345,0.881720430107527
2021,45,trec-202145,700,700,186,164,0.8817204301075269,145,138,0.9517241379310345,0.881720430107527
2021,45,trec-202145,800,800,186,164,0.8817204301075269,145,138,0.9517241379310345,0.881720430107527
2021,45,trec-202145,900,900,186,164,0.8817204301075269,145,138,0.9517241379310345,0.881720430107527
2021,45,trec-202145,1000,1000,186,164,0.8817204301075269,145,138,0.9517241379310345,0.881720430107527
2021,46,trec-202146,10,10,111,8,0.07207207207207207,110,8,0.07272727272727272,0.0720720720720721
2021,46,trec-202146,50,50,111,43,0.38738738738738737,110,43,0.39090909090909093,0.387387387387387
2021,46,trec-202146,100,100,111,71,0.6396396396396397,110,71,0.6454545454545455,0.63963963963964
2021,46,trec-202146,200,200,111,106,0.954954954954955,110,105,0.9545454545454546,0.954954954954955
2021,46,trec-202146,300,300,111,109,0.9819819819819819,110,108,0.9818181818181818,0.981981981981982
2021,46,trec-202146,400,400,111,110,0.990990990990991,110,109,0.990909090909091,0.990990990990991
2021,46,trec-202146,500,500,111,110,0.990990990990991,110,109,0.990909090909091,0.990990990990991
2021,46,trec-202146,600,600,111,110,0.990990990990991,110,109,0.990909090909091,0.990990990990991
2021,46,trec-202146,700,700,111,110,0.990990990990991,110,109,0.990909090909091,0.990990990990991
2021,46,trec-202146,800,800,111,110,0.990990990990991,110,109,0.990909090909091,0.990990990990991
2021,46,trec-202146,900,900,111,110,0.990990990990991,110,109,0.990909090909091,0.990990990990991
2021,46,trec-202146,1000,1000,111,111,1.0,110,110,1.0,1
2021,47,trec-202147,10,10,266,8,0.03007518796992481,128,6,0.046875,0.0300751879699248
2021,47,trec-202147,50,50,266,39,0.14661654135338345,128,24,0.1875,0.146616541353384
2021,47,trec-202147,100,100,266,76,0.2857142857142857,128,52,0.40625,0.285714285714286
2021,47,trec-202147,200,200,266,129,0.4849624060150376,128,85,0.6640625,0.484962406015038
2021,47,trec-202147,300,300,266,162,0.6090225563909775,128,102,0.796875,0.609022556390977
2021,47,trec-202147,400,400,266,189,0.7105263157894737,128,115,0.8984375,0.710526315789474
2021,47,trec-202147,500,500,266,207,0.7781954887218046,128,116,0.90625,0.778195488721805
2021,47,trec-202147,600,600,266,219,0.8233082706766918,128,116,0.90625,0.823308270676692
2021,47,trec-202147,700,700,266,229,0.8609022556390977,128,116,0.90625,0.860902255639098
2021,47,trec-202147,800,800,266,235,0.8834586466165414,128,119,0.9296875,0.883458646616541
2021,47,trec-202147,900,900,266,239,0.8984962406015038,128,120,0.9375,0.898496240601504
2021,47,trec-202147,1000,1000,266,244,0.9172932330827067,128,122,0.953125,0.917293233082707
2021,48,trec-202148,10,10,66,8,0.12121212121212122,48,6,0.125,0.121212121212121
2021,48,trec-202148,50,50,66,45,0.6818181818181818,48,39,0.8125,0.681818181818182
2021,48,trec-202148,100,100,66,51,0.7727272727272727,48,44,0.9166666666666666,0.772727272727273
2021,48,trec-202148,200,200,66,51,0.7727272727272727,48,44,0.9166666666666666,0.772727272727273
2021,48,trec-202148,300,300,66,51,0.7727272727272727,48,44,0.9166666666666666,0.772727272727273
2021,48,trec-202148,400,400,66,51,0.7727272727272727,48,44,0.9166666666666666,0.772727272727273
2021,48,trec-202148,500,500,66,51,0.7727272727272727,48,44,0.9166666666666666,0.772727272727273
2021,48,trec-202148,600,600,66,51,0.7727272727272727,48,44,0.9166666666666666,0.772727272727273
2021,48,trec-202148,700,700,66,51,0.7727272727272727,48,44,0.9166666666666666,0.772727272727273
2021,48,trec-202148,800,800,66,51,0.7727272727272727,48,44,0.9166666666666666,0.772727272727273
2021,48,trec-202148,900,900,66,51,0.7727272727272727,48,44,0.9166666666666666,0.772727272727273
2021,48,trec-202148,1000,1000,66,51,0.7727272727272727,48,44,0.9166666666666666,0.772727272727273
2021,49,trec-202149,10,10,77,9,0.11688311688311688,35,4,0.11428571428571428,0.116883116883117
2021,49,trec-202149,50,50,77,39,0.5064935064935064,35,23,0.6571428571428571,0.506493506493506
2021,49,trec-202149,100,100,77,58,0.7532467532467533,35,34,0.9714285714285714,0.753246753246753
2021,49,trec-202149,200,200,77,58,0.7532467532467533,35,34,0.9714285714285714,0.753246753246753
2021,49,trec-202149,300,300,77,60,0.7792207792207793,35,35,1.0,0.779220779220779
2021,49,trec-202149,400,400,77,61,0.7922077922077922,35,35,1.0,0.792207792207792
2021,49,trec-202149,500,500,77,61,0.7922077922077922,35,35,1.0,0.792207792207792
2021,49,trec-202149,600,600,77,61,0.7922077922077922,35,35,1.0,0.792207792207792
2021,49,trec-202149,700,700,77,62,0.8051948051948052,35,35,1.0,0.805194805194805
2021,49,trec-202149,800,800,77,62,0.8051948051948052,35,35,1.0,0.805194805194805
2021,49,trec-202149,900,900,77,62,0.8051948051948052,35,35,1.0,0.805194805194805
2021,49,trec-202149,1000,1000,77,62,0.8051948051948052,35,35,1.0,0.805194805194805
2021,50,trec-202150,10,10,23,6,0.2608695652173913,14,1,0.07142857142857142,0.260869565217391
2021,50,trec-202150,50,50,23,9,0.391304347826087,14,4,0.2857142857142857,0.391304347826087
2021,50,trec-202150,100,100,23,9,0.391304347826087,14,4,0.2857142857142857,0.391304347826087
2021,50,trec-202150,200,200,23,9,0.391304347826087,14,4,0.2857142857142857,0.391304347826087
2021,50,trec-202150,300,300,23,9,0.391304347826087,14,4,0.2857142857142857,0.391304347826087
2021,50,trec-202150,400,400,23,10,0.43478260869565216,14,5,0.35714285714285715,0.434782608695652
2021,50,trec-202150,500,500,23,10,0.43478260869565216,14,5,0.35714285714285715,0.434782608695652
2021,50,trec-202150,600,600,23,10,0.43478260869565216,14,5,0.35714285714285715,0.434782608695652
2021,50,trec-202150,700,700,23,10,0.43478260869565216,14,5,0.35714285714285715,0.434782608695652
2021,50,trec-202150,800,800,23,10,0.43478260869565216,14,5,0.35714285714285715,0.434782608695652
2021,50,trec-202150,900,900,23,11,0.4782608695652174,14,6,0.42857142857142855,0.478260869565217
2021,50,trec-202150,1000,1000,23,11,0.4782608695652174,14,6,0.42857142857142855,0.478260869565217
2021,51,trec-202151,10,10,71,6,0.08450704225352113,28,2,0.07142857142857142,0.0845070422535211
2021,51,trec-202151,50,50,71,24,0.3380281690140845,28,7,0.25,0.338028169014085
2021,51,trec-202151,100,100,71,36,0.5070422535211268,28,13,0.4642857142857143,0.507042253521127
2021,51,trec-202151,200,200,71,47,0.6619718309859155,28,17,0.6071428571428571,0.661971830985915
2021,51,trec-202151,300,300,71,53,0.7464788732394366,28,19,0.6785714285714286,0.746478873239437
2021,51,trec-202151,400,400,71,56,0.7887323943661971,28,21,0.75,0.788732394366197
2021,51,trec-202151,500,500,71,58,0.8169014084507042,28,21,0.75,0.816901408450704
2021,51,trec-202151,600,600,71,59,0.8309859154929577,28,21,0.75,0.830985915492958
2021,51,trec-202151,700,700,71,60,0.8450704225352113,28,22,0.7857142857142857,0.845070422535211
2021,51,trec-202151,800,800,71,61,0.8591549295774648,28,22,0.7857142857142857,0.859154929577465
2021,51,trec-202151,900,900,71,63,0.8873239436619719,28,23,0.8214285714285714,0.887323943661972
2021,51,trec-202151,1000,1000,71,65,0.9154929577464789,28,24,0.8571428571428571,0.915492957746479
2021,52,trec-202152,10,10,68,8,0.11764705882352941,41,4,0.0975609756097561,0.117647058823529
2021,52,trec-202152,50,50,68,25,0.36764705882352944,41,13,0.3170731707317073,0.367647058823529
2021,52,trec-202152,100,100,68,31,0.45588235294117646,41,18,0.43902439024390244,0.455882352941177
2021,52,trec-202152,200,200,68,40,0.5882352941176471,41,27,0.6585365853658537,0.588235294117647
2021,52,trec-202152,300,300,68,42,0.6176470588235294,41,29,0.7073170731707317,0.617647058823529
2021,52,trec-202152,400,400,68,44,0.6470588235294118,41,30,0.7317073170731707,0.647058823529412
2021,52,trec-202152,500,500,68,48,0.7058823529411765,41,33,0.8048780487804879,0.705882352941177
2021,52,trec-202152,600,600,68,48,0.7058823529411765,41,33,0.8048780487804879,0.705882352941177
2021,52,trec-202152,700,700,68,48,0.7058823529411765,41,33,0.8048780487804879,0.705882352941177
2021,52,trec-202152,800,800,68,48,0.7058823529411765,41,33,0.8048780487804879,0.705882352941177
2021,52,trec-202152,900,900,68,50,0.7352941176470589,41,35,0.8536585365853658,0.735294117647059
2021,52,trec-202152,1000,1000,68,51,0.75,41,35,0.8536585365853658,0.75
2021,53,trec-202153,10,10,46,4,0.08695652173913043,33,4,0.12121212121212122,0.0869565217391304
2021,53,trec-202153,50,50,46,24,0.5217391304347826,33,22,0.6666666666666666,0.521739130434783
2021,53,trec-202153,100,100,46,26,0.5652173913043478,33,24,0.7272727272727273,0.565217391304348
2021,53,trec-202153,200,200,46,30,0.6521739130434783,33,28,0.8484848484848485,0.652173913043478
2021,53,trec-202153,300,300,46,31,0.6739130434782609,33,29,0.8787878787878788,0.673913043478261
2021,53,trec-202153,400,400,46,32,0.6956521739130435,33,30,0.9090909090909091,0.695652173913043
2021,53,trec-202153,500,500,46,32,0.6956521739130435,33,30,0.9090909090909091,0.695652173913043
2021,53,trec-202153,600,600,46,33,0.717391304347826,33,30,0.9090909090909091,0.717391304347826
2021,53,trec-202153,700,700,46,33,0.717391304347826,33,30,0.9090909090909091,0.717391304347826
2021,53,trec-202153,800,800,46,33,0.717391304347826,33,30,0.9090909090909091,0.717391304347826
2021,53,trec-202153,900,900,46,34,0.7391304347826086,33,31,0.9393939393939394,0.739130434782609
2021,53,trec-202153,1000,1000,46,34,0.7391304347826086,33,31,0.9393939393939394,0.739130434782609
2021,54,trec-202154,10,10,75,9,0.12,30,7,0.23333333333333334,0.12
2021,54,trec-202154,50,50,75,42,0.56,30,21,0.7,0.56
2021,54,trec-202154,100,100,75,61,0.8133333333333334,30,28,0.9333333333333333,0.813333333333333
2021,54,trec-202154,200,200,75,68,0.9066666666666666,30,29,0.9666666666666667,0.906666666666667
2021,54,trec-202154,300,300,75,68,0.9066666666666666,30,29,0.9666666666666667,0.906666666666667
2021,54,trec-202154,400,400,75,68,0.9066666666666666,30,29,0.9666666666666667,0.906666666666667
2021,54,trec-202154,500,500,75,68,0.9066666666666666,30,29,0.9666666666666667,0.906666666666667
2021,54,trec-202154,600,600,75,68,0.9066666666666666,30,29,0.9666666666666667,0.906666666666667
2021,54,trec-202154,700,700,75,68,0.9066666666666666,30,29,0.9666666666666667,0.906666666666667
2021,54,trec-202154,800,800,75,68,0.9066666666666666,30,29,0.9666666666666667,0.906666666666667
2021,54,trec-202154,900,900,75,68,0.9066666666666666,30,29,0.9666666666666667,0.906666666666667
2021,54,trec-202154,1000,1000,75,68,0.9066666666666666,30,29,0.9666666666666667,0.906666666666667
2021,55,trec-202155,10,10,39,10,0.2564102564102564,23,9,0.391304347826087,0.256410256410256
2021,55,trec-202155,50,50,39,18,0.46153846153846156,23,16,0.6956521739130435,0.461538461538462
2021,55,trec-202155,100,100,39,20,0.5128205128205128,23,17,0.7391304347826086,0.512820512820513
2021,55,trec-202155,200,200,39,27,0.6923076923076923,23,22,0.9565217391304348,0.692307692307692
2021,55,trec-202155,300,300,39,28,0.717948717948718,23,22,0.9565217391304348,0.717948717948718
2021,55,trec-202155,400,400,39,28,0.717948717948718,23,22,0.9565217391304348,0.717948717948718
2021,55,trec-202155,500,500,39,28,0.717948717948718,23,22,0.9565217391304348,0.717948717948718
2021,55,trec-202155,600,600,39,28,0.717948717948718,23,22,0.9565217391304348,0.717948717948718
2021,55,trec-202155,700,700,39,28,0.717948717948718,23,22,0.9565217391304348,0.717948717948718
2021,55,trec-202155,800,800,39,28,0.717948717948718,23,22,0.9565217391304348,0.717948717948718
2021,55,trec-202155,900,900,39,28,0.717948717948718,23,22,0.9565217391304348,0.717948717948718
2021,55,trec-202155,1000,1000,39,29,0.7435897435897436,23,23,1.0,0.743589743589744
2021,56,trec-202156,10,10,86,10,0.11627906976744186,51,5,0.09803921568627451,0.116279069767442
2021,56,trec-202156,50,50,86,34,0.3953488372093023,51,18,0.35294117647058826,0.395348837209302
2021,56,trec-202156,100,100,86,54,0.627906976744186,51,25,0.49019607843137253,0.627906976744186
2021,56,trec-202156,200,200,86,79,0.9186046511627907,51,44,0.8627450980392157,0.918604651162791
2021,56,trec-202156,300,300,86,83,0.9651162790697675,51,48,0.9411764705882353,0.965116279069767
2021,56,trec-202156,400,400,86,85,0.9883720930232558,51,50,0.9803921568627451,0.988372093023256
2021,56,trec-202156,500,500,86,85,0.9883720930232558,51,50,0.9803921568627451,0.988372093023256
2021,56,trec-202156,600,600,86,85,0.9883720930232558,51,50,0.9803921568627451,0.988372093023256
2021,56,trec-202156,700,700,86,85,0.9883720930232558,51,50,0.9803921568627451,0.988372093023256
2021,56,trec-202156,800,800,86,86,1.0,51,51,1.0,1
2021,56,trec-202156,900,900,86,86,1.0,51,51,1.0,1
2021,56,trec-202156,1000,1000,86,86,1.0,51,51,1.0,1
2021,57,trec-202157,10,10,162,6,0.037037037037037035,108,5,0.046296296296296294,0.037037037037037
2021,57,trec-202157,50,50,162,33,0.2037037037037037,108,30,0.2777777777777778,0.203703703703704
2021,57,trec-202157,100,100,162,52,0.32098765432098764,108,46,0.42592592592592593,0.320987654320988
2021,57,trec-202157,200,200,162,87,0.5370370370370371,108,63,0.5833333333333334,0.537037037037037
2021,57,trec-202157,300,300,162,97,0.5987654320987654,108,65,0.6018518518518519,0.598765432098765
2021,57,trec-202157,400,400,162,101,0.6234567901234568,108,68,0.6296296296296297,0.623456790123457
2021,57,trec-202157,500,500,162,104,0.6419753086419753,108,69,0.6388888888888888,0.641975308641975
2021,57,trec-202157,600,600,162,107,0.6604938271604939,108,71,0.6574074074074074,0.660493827160494
2021,57,trec-202157,700,700,162,111,0.6851851851851852,108,75,0.6944444444444444,0.685185185185185
2021,57,trec-202157,800,800,162,113,0.6975308641975309,108,77,0.7129629629629629,0.697530864197531
2021,57,trec-202157,900,900,162,115,0.7098765432098766,108,78,0.7222222222222222,0.709876543209877
2021,57,trec-202157,1000,1000,162,116,0.7160493827160493,108,78,0.7222222222222222,0.716049382716049
2021,58,trec-202158,10,10,136,10,0.07352941176470588,55,6,0.10909090909090909,0.0735294117647059
2021,58,trec-202158,50,50,136,46,0.3382352941176471,55,27,0.4909090909090909,0.338235294117647
2021,58,trec-202158,100,100,136,84,0.6176470588235294,55,48,0.8727272727272727,0.617647058823529
2021,58,trec-202158,200,200,136,90,0.6617647058823529,55,52,0.9454545454545454,0.661764705882353
2021,58,trec-202158,300,300,136,90,0.6617647058823529,55,52,0.9454545454545454,0.661764705882353
2021,58,trec-202158,400,400,136,90,0.6617647058823529,55,52,0.9454545454545454,0.661764705882353
2021,58,trec-202158,500,500,136,90,0.6617647058823529,55,52,0.9454545454545454,0.661764705882353
2021,58,trec-202158,600,600,136,90,0.6617647058823529,55,52,0.9454545454545454,0.661764705882353
2021,58,trec-202158,700,700,136,90,0.6617647058823529,55,52,0.9454545454545454,0.661764705882353
2021,58,trec-202158,800,800,136,90,0.6617647058823529,55,52,0.9454545454545454,0.661764705882353
2021,58,trec-202158,900,900,136,91,0.6691176470588235,55,52,0.9454545454545454,0.669117647058823
2021,58,trec-202158,1000,1000,136,91,0.6691176470588235,55,52,0.9454545454545454,0.669117647058823
2021,59,trec-202159,10,10,351,9,0.02564102564102564,189,8,0.042328042328042326,0.0256410256410256
2021,59,trec-202159,50,50,351,43,0.1225071225071225,189,35,0.18518518518518517,0.122507122507123
2021,59,trec-202159,100,100,351,87,0.24786324786324787,189,71,0.37566137566137564,0.247863247863248
2021,59,trec-202159,200,200,351,163,0.46438746438746437,189,135,0.7142857142857143,0.464387464387464
2021,59,trec-202159,300,300,351,216,0.6153846153846154,189,179,0.9470899470899471,0.615384615384615
2021,59,trec-202159,400,400,351,219,0.6239316239316239,189,182,0.9629629629629629,0.623931623931624
2021,59,trec-202159,500,500,351,219,0.6239316239316239,189,182,0.9629629629629629,0.623931623931624
2021,59,trec-202159,600,600,351,219,0.6239316239316239,189,182,0.9629629629629629,0.623931623931624
2021,59,trec-202159,700,700,351,220,0.6267806267806267,189,183,0.9682539682539683,0.626780626780627
2021,59,trec-202159,800,800,351,220,0.6267806267806267,189,183,0.9682539682539683,0.626780626780627
2021,59,trec-202159,900,900,351,220,0.6267806267806267,189,183,0.9682539682539683,0.626780626780627
2021,59,trec-202159,1000,1000,351,221,0.6296296296296297,189,184,0.9735449735449735,0.62962962962963
2021,60,trec-202160,10,10,199,7,0.035175879396984924,149,6,0.040268456375838924,0.0351758793969849
2021,60,trec-202160,50,50,199,33,0.1658291457286432,149,25,0.16778523489932887,0.165829145728643
2021,60,trec-202160,100,100,199,65,0.32663316582914576,149,50,0.33557046979865773,0.326633165829146
2021,60,trec-202160,200,200,199,108,0.542713567839196,149,86,0.5771812080536913,0.542713567839196
2021,60,trec-202160,300,300,199,132,0.6633165829145728,149,107,0.7181208053691275,0.663316582914573
2021,60,trec-202160,400,400,199,150,0.7537688442211056,149,122,0.8187919463087249,0.753768844221106
2021,60,trec-202160,500,500,199,161,0.8090452261306532,149,129,0.8657718120805369,0.809045226130653
2021,60,trec-202160,600,600,199,171,0.8592964824120602,149,136,0.912751677852349,0.85929648241206
2021,60,trec-202160,700,700,199,179,0.8994974874371859,149,141,0.9463087248322147,0.899497487437186
2021,60,trec-202160,800,800,199,183,0.9195979899497487,149,144,0.9664429530201343,0.919597989949749
2021,60,trec-202160,900,900,199,189,0.949748743718593,149,144,0.9664429530201343,0.949748743718593
2021,60,trec-202160,1000,1000,199,190,0.9547738693467337,149,145,0.9731543624161074,0.954773869346734
2021,61,trec-202161,10,10,190,4,0.021052631578947368,120,0,0.0,0.0210526315789474
2021,61,trec-202161,50,50,190,15,0.07894736842105263,120,7,0.058333333333333334,0.0789473684210526
2021,61,trec-202161,100,100,190,29,0.15263157894736842,120,16,0.13333333333333333,0.152631578947368
2021,61,trec-202161,200,200,190,53,0.2789473684210526,120,28,0.23333333333333334,0.278947368421053
2021,61,trec-202161,300,300,190,90,0.47368421052631576,120,46,0.38333333333333336,0.473684210526316
2021,61,trec-202161,400,400,190,117,0.6157894736842106,120,64,0.5333333333333333,0.615789473684211
2021,61,trec-202161,500,500,190,138,0.7263157894736842,120,82,0.6833333333333333,0.726315789473684
2021,61,trec-202161,600,600,190,156,0.8210526315789474,120,96,0.8,0.821052631578947
2021,61,trec-202161,700,700,190,169,0.8894736842105263,120,104,0.8666666666666667,0.889473684210526
2021,61,trec-202161,800,800,190,182,0.9578947368421052,120,115,0.9583333333333334,0.957894736842105
2021,61,trec-202161,900,900,190,185,0.9736842105263158,120,117,0.975,0.973684210526316
2021,61,trec-202161,1000,1000,190,188,0.9894736842105263,120,119,0.9916666666666667,0.989473684210526
2021,62,trec-202162,10,10,275,8,0.02909090909090909,65,3,0.046153846153846156,0.0290909090909091
2021,62,trec-202162,50,50,275,40,0.14545454545454545,65,7,0.1076923076923077,0.145454545454545
2021,62,trec-202162,100,100,275,73,0.26545454545454544,65,18,0.27692307692307694,0.265454545454545
2021,62,trec-202162,200,200,275,112,0.4072727272727273,65,31,0.47692307692307695,0.407272727272727
2021,62,trec-202162,300,300,275,131,0.4763636363636364,65,40,0.6153846153846154,0.476363636363636
2021,62,trec-202162,400,400,275,146,0.5309090909090909,65,44,0.676923076923077,0.530909090909091
2021,62,trec-202162,500,500,275,162,0.5890909090909091,65,50,0.7692307692307693,0.589090909090909
2021,62,trec-202162,600,600,275,171,0.6218181818181818,65,50,0.7692307692307693,0.621818181818182
2021,62,trec-202162,700,700,275,178,0.6472727272727272,65,51,0.7846153846153846,0.647272727272727
2021,62,trec-202162,800,800,275,185,0.6727272727272727,65,51,0.7846153846153846,0.672727272727273
2021,62,trec-202162,900,900,275,192,0.6981818181818182,65,51,0.7846153846153846,0.698181818181818
2021,62,trec-202162,1000,1000,275,196,0.7127272727272728,65,52,0.8,0.712727272727273
2021,63,trec-202163,10,10,44,2,0.045454545454545456,35,2,0.05714285714285714,0.0454545454545455
2021,63,trec-202163,50,50,44,7,0.1590909090909091,35,6,0.17142857142857143,0.159090909090909
2021,63,trec-202163,100,100,44,15,0.3409090909090909,35,12,0.34285714285714286,0.340909090909091
2021,63,trec-202163,200,200,44,24,0.5454545454545454,35,18,0.5142857142857142,0.545454545454545
2021,63,trec-202163,300,300,44,32,0.7272727272727273,35,25,0.7142857142857143,0.727272727272727
2021,63,trec-202163,400,400,44,35,0.7954545454545454,35,27,0.7714285714285715,0.795454545454545
2021,63,trec-202163,500,500,44,36,0.8181818181818182,35,28,0.8,0.818181818181818
2021,63,trec-202163,600,600,44,36,0.8181818181818182,35,28,0.8,0.818181818181818
2021,63,trec-202163,700,700,44,36,0.8181818181818182,35,28,0.8,0.818181818181818
2021,63,trec-202163,800,800,44,36,0.8181818181818182,35,28,0.8,0.818181818181818
2021,63,trec-202163,900,900,44,37,0.8409090909090909,35,28,0.8,0.840909090909091
2021,63,trec-202163,1000,1000,44,37,0.8409090909090909,35,28,0.8,0.840909090909091
2021,64,trec-202164,10,10,203,7,0.034482758620689655,65,4,0.06153846153846154,0.0344827586206896
2021,64,trec-202164,50,50,203,29,0.14285714285714285,65,6,0.09230769230769231,0.142857142857143
2021,64,trec-202164,100,100,203,51,0.2512315270935961,65,10,0.15384615384615385,0.251231527093596
2021,64,trec-202164,200,200,203,81,0.39901477832512317,65,18,0.27692307692307694,0.399014778325123
2021,64,trec-202164,300,300,203,119,0.5862068965517241,65,31,0.47692307692307695,0.586206896551724
2021,64,trec-202164,400,400,203,151,0.7438423645320197,65,41,0.6307692307692307,0.74384236453202
2021,64,trec-202164,500,500,203,172,0.8472906403940886,65,47,0.7230769230769231,0.847290640394089
2021,64,trec-202164,600,600,203,182,0.896551724137931,65,50,0.7692307692307693,0.896551724137931
2021,64,trec-202164,700,700,203,185,0.9113300492610837,65,51,0.7846153846153846,0.911330049261084
2021,64,trec-202164,800,800,203,187,0.9211822660098522,65,53,0.8153846153846154,0.921182266009852
2021,64,trec-202164,900,900,203,189,0.9310344827586207,65,55,0.8461538461538461,0.931034482758621
2021,64,trec-202164,1000,1000,203,191,0.9408866995073891,65,55,0.8461538461538461,0.940886699507389
2021,65,trec-202165,10,10,113,5,0.04424778761061947,73,4,0.0547945205479452,0.0442477876106195
2021,65,trec-202165,50,50,113,18,0.1592920353982301,73,13,0.1780821917808219,0.15929203539823
2021,65,trec-202165,100,100,113,35,0.30973451327433627,73,25,0.3424657534246575,0.309734513274336
2021,65,trec-202165,200,200,113,61,0.5398230088495575,73,37,0.5068493150684932,0.539823008849557
2021,65,trec-202165,300,300,113,72,0.6371681415929203,73,46,0.6301369863013698,0.63716814159292
2021,65,trec-202165,400,400,113,74,0.6548672566371682,73,48,0.6575342465753424,0.654867256637168
2021,65,trec-202165,500,500,113,78,0.6902654867256637,73,51,0.6986301369863014,0.690265486725664
2021,65,trec-202165,600,600,113,87,0.7699115044247787,73,56,0.7671232876712328,0.769911504424779
2021,65,trec-202165,700,700,113,92,0.8141592920353983,73,59,0.8082191780821918,0.814159292035398
2021,65,trec-202165,800,800,113,92,0.8141592920353983,73,59,0.8082191780821918,0.814159292035398
2021,65,trec-202165,900,900,113,93,0.8230088495575221,73,59,0.8082191780821918,0.823008849557522
2021,65,trec-202165,1000,1000,113,94,0.831858407079646,73,60,0.821917808219178,0.831858407079646
2021,66,trec-202166,10,10,48,4,0.08333333333333333,11,4,0.36363636363636365,0.0833333333333333
2021,66,trec-202166,50,50,48,10,0.20833333333333334,11,10,0.9090909090909091,0.208333333333333
2021,66,trec-202166,100,100,48,14,0.2916666666666667,11,10,0.9090909090909091,0.291666666666667
2021,66,trec-202166,200,200,48,14,0.2916666666666667,11,10,0.9090909090909091,0.291666666666667
2021,66,trec-202166,300,300,48,14,0.2916666666666667,11,10,0.9090909090909091,0.291666666666667
2021,66,trec-202166,400,400,48,14,0.2916666666666667,11,10,0.9090909090909091,0.291666666666667
2021,66,trec-202166,500,500,48,14,0.2916666666666667,11,10,0.9090909090909091,0.291666666666667
2021,66,trec-202166,600,600,48,14,0.2916666666666667,11,10,0.9090909090909091,0.291666666666667
2021,66,trec-202166,700,700,48,14,0.2916666666666667,11,10,0.9090909090909091,0.291666666666667
2021,66,trec-202166,800,800,48,14,0.2916666666666667,11,10,0.9090909090909091,0.291666666666667
2021,66,trec-202166,900,900,48,15,0.3125,11,11,1.0,0.3125
2021,66,trec-202166,1000,1000,48,15,0.3125,11,11,1.0,0.3125
2021,67,trec-202167,10,10,157,9,0.05732484076433121,60,3,0.05,0.0573248407643312
2021,67,trec-202167,50,50,157,30,0.1910828025477707,60,10,0.16666666666666666,0.191082802547771
2021,67,trec-202167,100,100,157,54,0.34394904458598724,60,19,0.31666666666666665,0.343949044585987
2021,67,trec-202167,200,200,157,87,0.554140127388535,60,38,0.6333333333333333,0.554140127388535
2021,67,trec-202167,300,300,157,104,0.6624203821656051,60,49,0.8166666666666667,0.662420382165605
2021,67,trec-202167,400,400,157,109,0.6942675159235668,60,51,0.85,0.694267515923567
2021,67,trec-202167,500,500,157,114,0.7261146496815286,60,54,0.9,0.726114649681529
2021,67,trec-202167,600,600,157,119,0.7579617834394905,60,54,0.9,0.75796178343949
2021,67,trec-202167,700,700,157,119,0.7579617834394905,60,54,0.9,0.75796178343949
2021,67,trec-202167,800,800,157,121,0.7707006369426752,60,54,0.9,0.770700636942675
2021,67,trec-202167,900,900,157,123,0.7834394904458599,60,55,0.9166666666666666,0.78343949044586
2021,67,trec-202167,1000,1000,157,124,0.7898089171974523,60,56,0.9333333333333333,0.789808917197452
2021,68,trec-202168,10,10,164,10,0.06097560975609756,43,5,0.11627906976744186,0.0609756097560976
2021,68,trec-202168,50,50,164,36,0.21951219512195122,43,12,0.27906976744186046,0.219512195121951
2021,68,trec-202168,100,100,164,42,0.25609756097560976,43,14,0.32558139534883723,0.25609756097561
2021,68,trec-202168,200,200,164,53,0.3231707317073171,43,19,0.4418604651162791,0.323170731707317
2021,68,trec-202168,300,300,164,60,0.36585365853658536,43,21,0.4883720930232558,0.365853658536585
2021,68,trec-202168,400,400,164,63,0.38414634146341464,43,22,0.5116279069767442,0.384146341463415
2021,68,trec-202168,500,500,164,64,0.3902439024390244,43,23,0.5348837209302325,0.390243902439024
2021,68,trec-202168,600,600,164,64,0.3902439024390244,43,23,0.5348837209302325,0.390243902439024
2021,68,trec-202168,700,700,164,66,0.4024390243902439,43,24,0.5581395348837209,0.402439024390244
2021,68,trec-202168,800,800,164,68,0.4146341463414634,43,25,0.5813953488372093,0.414634146341463
2021,68,trec-202168,900,900,164,69,0.42073170731707316,43,25,0.5813953488372093,0.420731707317073
2021,68,trec-202168,1000,1000,164,70,0.4268292682926829,43,25,0.5813953488372093,0.426829268292683
2021,69,trec-202169,10,10,79,0,0.0,38,0,0.0,0
2021,69,trec-202169,50,50,79,0,0.0,38,0,0.0,0
2021,69,trec-202169,100,100,79,1,0.012658227848101266,38,1,0.02631578947368421,0.0126582278481013
2021,69,trec-202169,200,200,79,1,0.012658227848101266,38,1,0.02631578947368421,0.0126582278481013
2021,69,trec-202169,300,300,79,2,0.02531645569620253,38,2,0.05263157894736842,0.0253164556962025
2021,69,trec-202169,400,400,79,5,0.06329113924050633,38,5,0.13157894736842105,0.0632911392405063
2021,69,trec-202169,500,500,79,9,0.11392405063291139,38,9,0.23684210526315788,0.113924050632911
2021,69,trec-202169,600,600,79,13,0.16455696202531644,38,13,0.34210526315789475,0.164556962025316
2021,69,trec-202169,700,700,79,14,0.17721518987341772,38,14,0.3684210526315789,0.177215189873418
2021,69,trec-202169,800,800,79,16,0.20253164556962025,38,16,0.42105263157894735,0.20253164556962
2021,69,trec-202169,900,900,79,19,0.24050632911392406,38,19,0.5,0.240506329113924
2021,69,trec-202169,1000,1000,79,20,0.25316455696202533,38,20,0.5263157894736842,0.253164556962025
2021,70,trec-202170,10,10,231,9,0.03896103896103896,110,5,0.045454545454545456,0.038961038961039
2021,70,trec-202170,50,50,231,41,0.1774891774891775,110,24,0.21818181818181817,0.177489177489178
2021,70,trec-202170,100,100,231,78,0.33766233766233766,110,45,0.4090909090909091,0.337662337662338
2021,70,trec-202170,200,200,231,140,0.6060606060606061,110,77,0.7,0.606060606060606
2021,70,trec-202170,300,300,231,179,0.7748917748917749,110,97,0.8818181818181818,0.774891774891775
2021,70,trec-202170,400,400,231,191,0.8268398268398268,110,103,0.9363636363636364,0.826839826839827
2021,70,trec-202170,500,500,231,202,0.8744588744588745,110,108,0.9818181818181818,0.874458874458874
2021,70,trec-202170,600,600,231,203,0.8787878787878788,110,108,0.9818181818181818,0.878787878787879
2021,70,trec-202170,700,700,231,204,0.8831168831168831,110,109,0.990909090909091,0.883116883116883
2021,70,trec-202170,800,800,231,207,0.8961038961038961,110,110,1.0,0.896103896103896
2021,70,trec-202170,900,900,231,207,0.8961038961038961,110,110,1.0,0.896103896103896
2021,70,trec-202170,1000,1000,231,208,0.9004329004329005,110,110,1.0,0.9004329004329
2021,71,trec-202171,10,10,184,5,0.02717391304347826,133,4,0.03007518796992481,0.0271739130434783
2021,71,trec-202171,50,50,184,13,0.07065217391304347,133,10,0.07518796992481203,0.0706521739130435
2021,71,trec-202171,100,100,184,21,0.11413043478260869,133,17,0.12781954887218044,0.114130434782609
2021,71,trec-202171,200,200,184,39,0.21195652173913043,133,32,0.24060150375939848,0.21195652173913
2021,71,trec-202171,300,300,184,59,0.32065217391304346,133,48,0.3609022556390977,0.320652173913044
2021,71,trec-202171,400,400,184,82,0.44565217391304346,133,63,0.47368421052631576,0.445652173913044
2021,71,trec-202171,500,500,184,95,0.5163043478260869,133,72,0.5413533834586466,0.516304347826087
2021,71,trec-202171,600,600,184,110,0.5978260869565217,133,84,0.631578947368421,0.597826086956522
2021,71,trec-202171,700,700,184,123,0.6684782608695652,133,94,0.706766917293233,0.668478260869565
2021,71,trec-202171,800,800,184,141,0.7663043478260869,133,108,0.8120300751879699,0.766304347826087
2021,71,trec-202171,900,900,184,143,0.7771739130434783,133,109,0.8195488721804511,0.777173913043478
2021,71,trec-202171,1000,1000,184,148,0.8043478260869565,133,113,0.849624060150376,0.804347826086957
2021,72,trec-202172,10,10,91,9,0.0989010989010989,15,7,0.4666666666666667,0.0989010989010989
2021,72,trec-202172,50,50,91,20,0.21978021978021978,15,10,0.6666666666666666,0.21978021978022
2021,72,trec-202172,100,100,91,21,0.23076923076923078,15,11,0.7333333333333333,0.230769230769231
2021,72,trec-202172,200,200,91,21,0.23076923076923078,15,11,0.7333333333333333,0.230769230769231
2021,72,trec-202172,300,300,91,21,0.23076923076923078,15,11,0.7333333333333333,0.230769230769231
2021,72,trec-202172,400,400,91,21,0.23076923076923078,15,11,0.7333333333333333,0.230769230769231
2021,72,trec-202172,500,500,91,21,0.23076923076923078,15,11,0.7333333333333333,0.230769230769231
2021,72,trec-202172,600,600,91,21,0.23076923076923078,15,11,0.7333333333333333,0.230769230769231
2021,72,trec-202172,700,700,91,21,0.23076923076923078,15,11,0.7333333333333333,0.230769230769231
2021,72,trec-202172,800,800,91,22,0.24175824175824176,15,11,0.7333333333333333,0.241758241758242
2021,72,trec-202172,900,900,91,22,0.24175824175824176,15,11,0.7333333333333333,0.241758241758242
2021,72,trec-202172,1000,1000,91,23,0.25274725274725274,15,11,0.7333333333333333,0.252747252747253
2021,73,trec-202173,10,10,66,9,0.13636363636363635,20,3,0.15,0.136363636363636
2021,73,trec-202173,50,50,66,16,0.24242424242424243,20,5,0.25,0.242424242424242
2021,73,trec-202173,100,100,66,16,0.24242424242424243,20,5,0.25,0.242424242424242
2021,73,trec-202173,200,200,66,17,0.25757575757575757,20,5,0.25,0.257575757575758
2021,73,trec-202173,300,300,66,17,0.25757575757575757,20,5,0.25,0.257575757575758
2021,73,trec-202173,400,400,66,17,0.25757575757575757,20,5,0.25,0.257575757575758
2021,73,trec-202173,500,500,66,17,0.25757575757575757,20,5,0.25,0.257575757575758
2021,73,trec-202173,600,600,66,17,0.25757575757575757,20,5,0.25,0.257575757575758
2021,73,trec-202173,700,700,66,17,0.25757575757575757,20,5,0.25,0.257575757575758
2021,73,trec-202173,800,800,66,17,0.25757575757575757,20,5,0.25,0.257575757575758
2021,73,trec-202173,900,900,66,17,0.25757575757575757,20,5,0.25,0.257575757575758
2021,73,trec-202173,1000,1000,66,17,0.25757575757575757,20,5,0.25,0.257575757575758
2021,74,trec-202174,10,10,13,10,0.7692307692307693,11,9,0.8181818181818182,0.769230769230769
2021,74,trec-202174,50,50,13,13,1.0,11,11,1.0,1
2021,74,trec-202174,100,100,13,13,1.0,11,11,1.0,1
2021,74,trec-202174,200,200,13,13,1.0,11,11,1.0,1
2021,74,trec-202174,300,300,13,13,1.0,11,11,1.0,1
2021,74,trec-202174,400,400,13,13,1.0,11,11,1.0,1
2021,74,trec-202174,500,500,13,13,1.0,11,11,1.0,1
2021,74,trec-202174,600,600,13,13,1.0,11,11,1.0,1
2021,74,trec-202174,700,700,13,13,1.0,11,11,1.0,1
2021,74,trec-202174,800,800,13,13,1.0,11,11,1.0,1
2021,74,trec-202174,900,900,13,13,1.0,11,11,1.0,1
2021,74,trec-202174,1000,1000,13,13,1.0,11,11,1.0,1
2021,75,trec-202175,10,10,341,9,0.026392961876832845,141,5,0.03546099290780142,0.0263929618768328
2021,75,trec-202175,50,50,341,39,0.11436950146627566,141,10,0.07092198581560284,0.114369501466276
2021,75,trec-202175,100,100,341,74,0.21700879765395895,141,21,0.14893617021276595,0.217008797653959
2021,75,trec-202175,200,200,341,146,0.4281524926686217,141,61,0.4326241134751773,0.428152492668622
2021,75,trec-202175,300,300,341,214,0.6275659824046921,141,90,0.6382978723404256,0.627565982404692
2021,75,trec-202175,400,400,341,271,0.7947214076246334,141,112,0.7943262411347518,0.794721407624633
2021,75,trec-202175,500,500,341,306,0.8973607038123167,141,127,0.900709219858156,0.897360703812317
2021,75,trec-202175,600,600,341,311,0.9120234604105572,141,129,0.9148936170212766,0.912023460410557
2021,75,trec-202175,700,700,341,318,0.9325513196480938,141,131,0.9290780141843972,0.932551319648094
2021,75,trec-202175,800,800,341,322,0.9442815249266863,141,133,0.9432624113475178,0.944281524926686
2021,75,trec-202175,900,900,341,323,0.9472140762463344,141,134,0.950354609929078,0.947214076246334
2021,75,trec-202175,1000,1000,341,324,0.9501466275659824,141,135,0.9574468085106383,0.950146627565982
2022,1,trec-20221,10,10,193,5,0.025906735751295335,76,2,0.02631578947368421,0.0259067357512953
2022,1,trec-20221,50,50,193,36,0.18652849740932642,76,25,0.32894736842105265,0.186528497409326
2022,1,trec-20221,100,100,193,81,0.41968911917098445,76,56,0.7368421052631579,0.419689119170984
2022,1,trec-20221,200,200,193,110,0.5699481865284974,76,70,0.9210526315789473,0.569948186528497
2022,1,trec-20221,300,300,193,113,0.5854922279792746,76,73,0.9605263157894737,0.585492227979275
2022,1,trec-20221,400,400,193,113,0.5854922279792746,76,73,0.9605263157894737,0.585492227979275
2022,1,trec-20221,500,500,193,114,0.5906735751295337,76,73,0.9605263157894737,0.590673575129534
2022,1,trec-20221,600,600,193,114,0.5906735751295337,76,73,0.9605263157894737,0.590673575129534
2022,1,trec-20221,700,700,193,114,0.5906735751295337,76,73,0.9605263157894737,0.590673575129534
2022,1,trec-20221,800,800,193,114,0.5906735751295337,76,73,0.9605263157894737,0.590673575129534
2022,1,trec-20221,900,900,193,115,0.5958549222797928,76,73,0.9605263157894737,0.595854922279793
2022,1,trec-20221,1000,1000,193,115,0.5958549222797928,76,73,0.9605263157894737,0.595854922279793
2022,2,trec-20222,10,10,398,10,0.02512562814070352,59,4,0.06779661016949153,0.0251256281407035
2022,2,trec-20222,50,50,398,42,0.10552763819095477,59,11,0.1864406779661017,0.105527638190955
2022,2,trec-20222,100,100,398,62,0.15577889447236182,59,11,0.1864406779661017,0.155778894472362
2022,2,trec-20222,200,200,398,106,0.2663316582914573,59,16,0.2711864406779661,0.266331658291457
2022,2,trec-20222,300,300,398,141,0.3542713567839196,59,19,0.3220338983050847,0.35427135678392
2022,2,trec-20222,400,400,398,173,0.43467336683417085,59,22,0.3728813559322034,0.434673366834171
2022,2,trec-20222,500,500,398,191,0.4798994974874372,59,23,0.3898305084745763,0.479899497487437
2022,2,trec-20222,600,600,398,207,0.5201005025125628,59,24,0.4067796610169492,0.520100502512563
2022,2,trec-20222,700,700,398,218,0.5477386934673367,59,26,0.4406779661016949,0.547738693467337
2022,2,trec-20222,800,800,398,234,0.5879396984924623,59,31,0.5254237288135594,0.587939698492462
2022,2,trec-20222,900,900,398,246,0.6180904522613065,59,33,0.559322033898305,0.618090452261307
2022,2,trec-20222,1000,1000,398,260,0.6532663316582915,59,35,0.5932203389830508,0.653266331658292
2022,3,trec-20223,10,10,79,10,0.12658227848101267,25,6,0.24,0.126582278481013
2022,3,trec-20223,50,50,79,40,0.5063291139240507,25,22,0.88,0.506329113924051
2022,3,trec-20223,100,100,79,46,0.5822784810126582,25,24,0.96,0.582278481012658
2022,3,trec-20223,200,200,79,56,0.7088607594936709,25,24,0.96,0.708860759493671
2022,3,trec-20223,300,300,79,59,0.7468354430379747,25,25,1.0,0.746835443037975
2022,3,trec-20223,400,400,79,61,0.7721518987341772,25,25,1.0,0.772151898734177
2022,3,trec-20223,500,500,79,63,0.7974683544303798,25,25,1.0,0.79746835443038
2022,3,trec-20223,600,600,79,63,0.7974683544303798,25,25,1.0,0.79746835443038
2022,3,trec-20223,700,700,79,64,0.810126582278481,25,25,1.0,0.810126582278481
2022,3,trec-20223,800,800,79,65,0.8227848101265823,25,25,1.0,0.822784810126582
2022,3,trec-20223,900,900,79,65,0.8227848101265823,25,25,1.0,0.822784810126582
2022,3,trec-20223,1000,1000,79,65,0.8227848101265823,25,25,1.0,0.822784810126582
2022,4,trec-20224,10,10,343,8,0.023323615160349854,268,8,0.029850746268656716,0.0233236151603499
2022,4,trec-20224,50,50,343,30,0.08746355685131195,268,30,0.11194029850746269,0.0874635568513119
2022,4,trec-20224,100,100,343,49,0.14285714285714285,268,46,0.17164179104477612,0.142857142857143
2022,4,trec-20224,200,200,343,100,0.2915451895043732,268,91,0.33955223880597013,0.291545189504373
2022,4,trec-20224,300,300,343,144,0.4198250728862974,268,129,0.48134328358208955,0.419825072886297
2022,4,trec-20224,400,400,343,188,0.5481049562682215,268,165,0.6156716417910447,0.548104956268222
2022,4,trec-20224,500,500,343,218,0.6355685131195336,268,193,0.7201492537313433,0.635568513119534
2022,4,trec-20224,600,600,343,244,0.7113702623906706,268,216,0.8059701492537313,0.711370262390671
2022,4,trec-20224,700,700,343,261,0.760932944606414,268,231,0.8619402985074627,0.760932944606414
2022,4,trec-20224,800,800,343,273,0.7959183673469388,268,241,0.8992537313432836,0.795918367346939
2022,4,trec-20224,900,900,343,278,0.8104956268221575,268,243,0.9067164179104478,0.810495626822157
2022,4,trec-20224,1000,1000,343,280,0.8163265306122449,268,244,0.9104477611940298,0.816326530612245
2022,5,trec-20225,10,10,110,7,0.06363636363636363,59,3,0.05084745762711865,0.0636363636363636
2022,5,trec-20225,50,50,110,31,0.2818181818181818,59,14,0.23728813559322035,0.281818181818182
2022,5,trec-20225,100,100,110,46,0.41818181818181815,59,22,0.3728813559322034,0.418181818181818
2022,5,trec-20225,200,200,110,58,0.5272727272727272,59,30,0.5084745762711864,0.527272727272727
2022,5,trec-20225,300,300,110,70,0.6363636363636364,59,39,0.6610169491525424,0.636363636363636
2022,5,trec-20225,400,400,110,77,0.7,59,46,0.7796610169491526,0.7
2022,5,trec-20225,500,500,110,80,0.7272727272727273,59,49,0.8305084745762712,0.727272727272727
2022,5,trec-20225,600,600,110,83,0.7545454545454545,59,51,0.864406779661017,0.754545454545455
2022,5,trec-20225,700,700,110,84,0.7636363636363637,59,51,0.864406779661017,0.763636363636364
2022,5,trec-20225,800,800,110,85,0.7727272727272727,59,51,0.864406779661017,0.772727272727273
2022,5,trec-20225,900,900,110,85,0.7727272727272727,59,51,0.864406779661017,0.772727272727273
2022,5,trec-20225,1000,1000,110,85,0.7727272727272727,59,51,0.864406779661017,0.772727272727273
2022,6,trec-20226,10,10,138,9,0.06521739130434782,118,6,0.05084745762711865,0.0652173913043478
2022,6,trec-20226,50,50,138,41,0.2971014492753623,118,36,0.3050847457627119,0.297101449275362
2022,6,trec-20226,100,100,138,73,0.5289855072463768,118,66,0.559322033898305,0.528985507246377
2022,6,trec-20226,200,200,138,96,0.6956521739130435,118,83,0.7033898305084746,0.695652173913043
2022,6,trec-20226,300,300,138,109,0.7898550724637681,118,95,0.8050847457627118,0.789855072463768
2022,6,trec-20226,400,400,138,115,0.8333333333333334,118,100,0.847457627118644,0.833333333333333
2022,6,trec-20226,500,500,138,123,0.8913043478260869,118,108,0.9152542372881356,0.891304347826087
2022,6,trec-20226,600,600,138,123,0.8913043478260869,118,108,0.9152542372881356,0.891304347826087
2022,6,trec-20226,700,700,138,123,0.8913043478260869,118,108,0.9152542372881356,0.891304347826087
2022,6,trec-20226,800,800,138,123,0.8913043478260869,118,108,0.9152542372881356,0.891304347826087
2022,6,trec-20226,900,900,138,123,0.8913043478260869,118,108,0.9152542372881356,0.891304347826087
2022,6,trec-20226,1000,1000,138,124,0.8985507246376812,118,109,0.923728813559322,0.898550724637681
2022,7,trec-20227,10,10,62,10,0.16129032258064516,15,7,0.4666666666666667,0.161290322580645
2022,7,trec-20227,50,50,62,25,0.4032258064516129,15,12,0.8,0.403225806451613
2022,7,trec-20227,100,100,62,26,0.41935483870967744,15,12,0.8,0.419354838709677
2022,7,trec-20227,200,200,62,28,0.45161290322580644,15,12,0.8,0.451612903225806
2022,7,trec-20227,300,300,62,28,0.45161290322580644,15,12,0.8,0.451612903225806
2022,7,trec-20227,400,400,62,30,0.4838709677419355,15,12,0.8,0.483870967741935
2022,7,trec-20227,500,500,62,31,0.5,15,13,0.8666666666666667,0.5
2022,7,trec-20227,600,600,62,31,0.5,15,13,0.8666666666666667,0.5
2022,7,trec-20227,700,700,62,33,0.532258064516129,15,14,0.9333333333333333,0.532258064516129
2022,7,trec-20227,800,800,62,33,0.532258064516129,15,14,0.9333333333333333,0.532258064516129
2022,7,trec-20227,900,900,62,33,0.532258064516129,15,14,0.9333333333333333,0.532258064516129
2022,7,trec-20227,1000,1000,62,35,0.5645161290322581,15,14,0.9333333333333333,0.564516129032258
2022,8,trec-20228,10,10,40,9,0.225,14,6,0.42857142857142855,0.225
2022,8,trec-20228,50,50,40,25,0.625,14,10,0.7142857142857143,0.625
2022,8,trec-20228,100,100,40,29,0.725,14,10,0.7142857142857143,0.725
2022,8,trec-20228,200,200,40,29,0.725,14,10,0.7142857142857143,0.725
2022,8,trec-20228,300,300,40,29,0.725,14,10,0.7142857142857143,0.725
2022,8,trec-20228,400,400,40,29,0.725,14,10,0.7142857142857143,0.725
2022,8,trec-20228,500,500,40,29,0.725,14,10,0.7142857142857143,0.725
2022,8,trec-20228,600,600,40,29,0.725,14,10,0.7142857142857143,0.725
2022,8,trec-20228,700,700,40,29,0.725,14,10,0.7142857142857143,0.725
2022,8,trec-20228,800,800,40,29,0.725,14,10,0.7142857142857143,0.725
2022,8,trec-20228,900,900,40,29,0.725,14,10,0.7142857142857143,0.725
2022,8,trec-20228,1000,1000,40,29,0.725,14,10,0.7142857142857143,0.725
2022,9,trec-20229,10,10,130,4,0.03076923076923077,77,3,0.03896103896103896,0.0307692307692308
2022,9,trec-20229,50,50,130,18,0.13846153846153847,77,15,0.19480519480519481,0.138461538461538
2022,9,trec-20229,100,100,130,24,0.18461538461538463,77,19,0.24675324675324675,0.184615384615385
2022,9,trec-20229,200,200,130,37,0.2846153846153846,77,29,0.37662337662337664,0.284615384615385
2022,9,trec-20229,300,300,130,43,0.33076923076923076,77,32,0.4155844155844156,0.330769230769231
2022,9,trec-20229,400,400,130,46,0.35384615384615387,77,33,0.42857142857142855,0.353846153846154
2022,9,trec-20229,500,500,130,48,0.36923076923076925,77,34,0.44155844155844154,0.369230769230769
2022,9,trec-20229,600,600,130,50,0.38461538461538464,77,36,0.4675324675324675,0.384615384615385
2022,9,trec-20229,700,700,130,51,0.3923076923076923,77,37,0.4805194805194805,0.392307692307692
2022,9,trec-20229,800,800,130,52,0.4,77,38,0.4935064935064935,0.4
2022,9,trec-20229,900,900,130,53,0.4076923076923077,77,39,0.5064935064935064,0.407692307692308
2022,9,trec-20229,1000,1000,130,55,0.4230769230769231,77,40,0.5194805194805194,0.423076923076923
2022,10,trec-202210,10,10,218,6,0.027522935779816515,113,5,0.04424778761061947,0.0275229357798165
2022,10,trec-202210,50,50,218,10,0.045871559633027525,113,8,0.07079646017699115,0.0458715596330275
2022,10,trec-202210,100,100,218,18,0.08256880733944955,113,13,0.11504424778761062,0.0825688073394495
2022,10,trec-202210,200,200,218,29,0.13302752293577982,113,17,0.1504424778761062,0.13302752293578
2022,10,trec-202210,300,300,218,36,0.1651376146788991,113,20,0.17699115044247787,0.165137614678899
2022,10,trec-202210,400,400,218,44,0.2018348623853211,113,24,0.21238938053097345,0.201834862385321
2022,10,trec-202210,500,500,218,50,0.22935779816513763,113,27,0.23893805309734514,0.229357798165138
2022,10,trec-202210,600,600,218,53,0.24311926605504589,113,29,0.25663716814159293,0.243119266055046
2022,10,trec-202210,700,700,218,53,0.24311926605504589,113,29,0.25663716814159293,0.243119266055046
2022,10,trec-202210,800,800,218,56,0.25688073394495414,113,32,0.2831858407079646,0.256880733944954
2022,10,trec-202210,900,900,218,61,0.2798165137614679,113,36,0.3185840707964602,0.279816513761468
2022,10,trec-202210,1000,1000,218,64,0.29357798165137616,113,38,0.336283185840708,0.293577981651376
2022,11,trec-202211,10,10,304,10,0.03289473684210526,235,9,0.03829787234042553,0.0328947368421053
2022,11,trec-202211,50,50,304,42,0.13815789473684212,235,40,0.1702127659574468,0.138157894736842
2022,11,trec-202211,100,100,304,84,0.27631578947368424,235,80,0.3404255319148936,0.276315789473684
2022,11,trec-202211,200,200,304,167,0.5493421052631579,235,154,0.6553191489361702,0.549342105263158
2022,11,trec-202211,300,300,304,212,0.6973684210526315,235,190,0.8085106382978723,0.697368421052632
2022,11,trec-202211,400,400,304,224,0.7368421052631579,235,199,0.8468085106382979,0.736842105263158
2022,11,trec-202211,500,500,304,228,0.75,235,202,0.8595744680851064,0.75
2022,11,trec-202211,600,600,304,231,0.7598684210526315,235,204,0.8680851063829788,0.759868421052632
2022,11,trec-202211,700,700,304,232,0.7631578947368421,235,205,0.8723404255319149,0.763157894736842
2022,11,trec-202211,800,800,304,235,0.7730263157894737,235,206,0.8765957446808511,0.773026315789474
2022,11,trec-202211,900,900,304,238,0.7828947368421053,235,208,0.8851063829787233,0.782894736842105
2022,11,trec-202211,1000,1000,304,239,0.7861842105263158,235,208,0.8851063829787233,0.786184210526316
2022,12,trec-202212,10,10,66,5,0.07575757575757576,51,5,0.09803921568627451,0.0757575757575758
2022,12,trec-202212,50,50,66,22,0.3333333333333333,51,18,0.35294117647058826,0.333333333333333
2022,12,trec-202212,100,100,66,36,0.5454545454545454,51,29,0.5686274509803921,0.545454545454545
2022,12,trec-202212,200,200,66,48,0.7272727272727273,51,39,0.7647058823529411,0.727272727272727
2022,12,trec-202212,300,300,66,51,0.7727272727272727,51,41,0.803921568627451,0.772727272727273
2022,12,trec-202212,400,400,66,52,0.7878787878787878,51,42,0.8235294117647058,0.787878787878788
2022,12,trec-202212,500,500,66,52,0.7878787878787878,51,42,0.8235294117647058,0.787878787878788
2022,12,trec-202212,600,600,66,52,0.7878787878787878,51,42,0.8235294117647058,0.787878787878788
2022,12,trec-202212,700,700,66,52,0.7878787878787878,51,42,0.8235294117647058,0.787878787878788
2022,12,trec-202212,800,800,66,52,0.7878787878787878,51,42,0.8235294117647058,0.787878787878788
2022,12,trec-202212,900,900,66,52,0.7878787878787878,51,42,0.8235294117647058,0.787878787878788
2022,12,trec-202212,1000,1000,66,52,0.7878787878787878,51,42,0.8235294117647058,0.787878787878788
2022,13,trec-202213,10,10,21,6,0.2857142857142857,14,6,0.42857142857142855,0.285714285714286
2022,13,trec-202213,50,50,21,12,0.5714285714285714,14,10,0.7142857142857143,0.571428571428571
2022,13,trec-202213,100,100,21,14,0.6666666666666666,14,11,0.7857142857142857,0.666666666666667
2022,13,trec-202213,200,200,21,15,0.7142857142857143,14,11,0.7857142857142857,0.714285714285714
2022,13,trec-202213,300,300,21,15,0.7142857142857143,14,11,0.7857142857142857,0.714285714285714
2022,13,trec-202213,400,400,21,15,0.7142857142857143,14,11,0.7857142857142857,0.714285714285714
2022,13,trec-202213,500,500,21,15,0.7142857142857143,14,11,0.7857142857142857,0.714285714285714
2022,13,trec-202213,600,600,21,15,0.7142857142857143,14,11,0.7857142857142857,0.714285714285714
2022,13,trec-202213,700,700,21,15,0.7142857142857143,14,11,0.7857142857142857,0.714285714285714
2022,13,trec-202213,800,800,21,15,0.7142857142857143,14,11,0.7857142857142857,0.714285714285714
2022,13,trec-202213,900,900,21,15,0.7142857142857143,14,11,0.7857142857142857,0.714285714285714
2022,13,trec-202213,1000,1000,21,15,0.7142857142857143,14,11,0.7857142857142857,0.714285714285714
2022,14,trec-202214,10,10,122,10,0.08196721311475409,33,4,0.12121212121212122,0.0819672131147541
2022,14,trec-202214,50,50,122,40,0.32786885245901637,33,7,0.21212121212121213,0.327868852459016
2022,14,trec-202214,100,100,122,70,0.5737704918032787,33,16,0.48484848484848486,0.573770491803279
2022,14,trec-202214,200,200,122,90,0.7377049180327869,33,22,0.6666666666666666,0.737704918032787
2022,14,trec-202214,300,300,122,97,0.7950819672131147,33,24,0.7272727272727273,0.795081967213115
2022,14,trec-202214,400,400,122,107,0.8770491803278688,33,29,0.8787878787878788,0.877049180327869
2022,14,trec-202214,500,500,122,115,0.9426229508196722,33,33,1.0,0.942622950819672
2022,14,trec-202214,600,600,122,116,0.9508196721311475,33,33,1.0,0.950819672131147
2022,14,trec-202214,700,700,122,117,0.9590163934426229,33,33,1.0,0.959016393442623
2022,14,trec-202214,800,800,122,117,0.9590163934426229,33,33,1.0,0.959016393442623
2022,14,trec-202214,900,900,122,117,0.9590163934426229,33,33,1.0,0.959016393442623
2022,14,trec-202214,1000,1000,122,117,0.9590163934426229,33,33,1.0,0.959016393442623
2022,15,trec-202215,10,10,171,10,0.05847953216374269,122,10,0.08196721311475409,0.0584795321637427
2022,15,trec-202215,50,50,171,50,0.29239766081871343,122,48,0.39344262295081966,0.292397660818713
2022,15,trec-202215,100,100,171,97,0.5672514619883041,122,92,0.7540983606557377,0.567251461988304
2022,15,trec-202215,200,200,171,120,0.7017543859649122,122,113,0.9262295081967213,0.701754385964912
2022,15,trec-202215,300,300,171,120,0.7017543859649122,122,113,0.9262295081967213,0.701754385964912
2022,15,trec-202215,400,400,171,120,0.7017543859649122,122,113,0.9262295081967213,0.701754385964912
2022,15,trec-202215,500,500,171,121,0.7076023391812866,122,114,0.9344262295081968,0.707602339181287
2022,15,trec-202215,600,600,171,122,0.7134502923976608,122,115,0.9426229508196722,0.713450292397661
2022,15,trec-202215,700,700,171,122,0.7134502923976608,122,115,0.9426229508196722,0.713450292397661
2022,15,trec-202215,800,800,171,122,0.7134502923976608,122,115,0.9426229508196722,0.713450292397661
2022,15,trec-202215,900,900,171,122,0.7134502923976608,122,115,0.9426229508196722,0.713450292397661
2022,15,trec-202215,1000,1000,171,122,0.7134502923976608,122,115,0.9426229508196722,0.713450292397661
2022,16,trec-202216,10,10,48,6,0.125,36,6,0.16666666666666666,0.125
2022,16,trec-202216,50,50,48,32,0.6666666666666666,36,24,0.6666666666666666,0.666666666666667
2022,16,trec-202216,100,100,48,43,0.8958333333333334,36,33,0.9166666666666666,0.895833333333333
2022,16,trec-202216,200,200,48,45,0.9375,36,34,0.9444444444444444,0.9375
2022,16,trec-202216,300,300,48,45,0.9375,36,34,0.9444444444444444,0.9375
2022,16,trec-202216,400,400,48,45,0.9375,36,34,0.9444444444444444,0.9375
2022,16,trec-202216,500,500,48,46,0.9583333333333334,36,35,0.9722222222222222,0.958333333333333
2022,16,trec-202216,600,600,48,47,0.9791666666666666,36,35,0.9722222222222222,0.979166666666667
2022,16,trec-202216,700,700,48,47,0.9791666666666666,36,35,0.9722222222222222,0.979166666666667
2022,16,trec-202216,800,800,48,47,0.9791666666666666,36,35,0.9722222222222222,0.979166666666667
2022,16,trec-202216,900,900,48,47,0.9791666666666666,36,35,0.9722222222222222,0.979166666666667
2022,16,trec-202216,1000,1000,48,47,0.9791666666666666,36,35,0.9722222222222222,0.979166666666667
2022,17,trec-202217,10,10,30,2,0.06666666666666667,24,2,0.08333333333333333,0.0666666666666667
2022,17,trec-202217,50,50,30,8,0.26666666666666666,24,6,0.25,0.266666666666667
2022,17,trec-202217,100,100,30,10,0.3333333333333333,24,8,0.3333333333333333,0.333333333333333
2022,17,trec-202217,200,200,30,13,0.43333333333333335,24,11,0.4583333333333333,0.433333333333333
2022,17,trec-202217,300,300,30,17,0.5666666666666667,24,15,0.625,0.566666666666667
2022,17,trec-202217,400,400,30,18,0.6,24,15,0.625,0.6
2022,17,trec-202217,500,500,30,19,0.6333333333333333,24,16,0.6666666666666666,0.633333333333333
2022,17,trec-202217,600,600,30,21,0.7,24,17,0.7083333333333334,0.7
2022,17,trec-202217,700,700,30,22,0.7333333333333333,24,18,0.75,0.733333333333333
2022,17,trec-202217,800,800,30,23,0.7666666666666667,24,19,0.7916666666666666,0.766666666666667
2022,17,trec-202217,900,900,30,23,0.7666666666666667,24,19,0.7916666666666666,0.766666666666667
2022,17,trec-202217,1000,1000,30,23,0.7666666666666667,24,19,0.7916666666666666,0.766666666666667
2022,18,trec-202218,10,10,49,7,0.14285714285714285,36,7,0.19444444444444445,0.142857142857143
2022,18,trec-202218,50,50,49,32,0.6530612244897959,36,31,0.8611111111111112,0.653061224489796
2022,18,trec-202218,100,100,49,36,0.7346938775510204,36,34,0.9444444444444444,0.73469387755102
2022,18,trec-202218,200,200,49,37,0.7551020408163265,36,35,0.9722222222222222,0.755102040816326
2022,18,trec-202218,300,300,49,37,0.7551020408163265,36,35,0.9722222222222222,0.755102040816326
2022,18,trec-202218,400,400,49,37,0.7551020408163265,36,35,0.9722222222222222,0.755102040816326
2022,18,trec-202218,500,500,49,37,0.7551020408163265,36,35,0.9722222222222222,0.755102040816326
2022,18,trec-202218,600,600,49,37,0.7551020408163265,36,35,0.9722222222222222,0.755102040816326
2022,18,trec-202218,700,700,49,37,0.7551020408163265,36,35,0.9722222222222222,0.755102040816326
2022,18,trec-202218,800,800,49,37,0.7551020408163265,36,35,0.9722222222222222,0.755102040816326
2022,18,trec-202218,900,900,49,37,0.7551020408163265,36,35,0.9722222222222222,0.755102040816326
2022,18,trec-202218,1000,1000,49,37,0.7551020408163265,36,35,0.9722222222222222,0.755102040816326
2022,19,trec-202219,10,10,14,2,0.14285714285714285,10,2,0.2,0.142857142857143
2022,19,trec-202219,50,50,14,3,0.21428571428571427,10,3,0.3,0.214285714285714
2022,19,trec-202219,100,100,14,3,0.21428571428571427,10,3,0.3,0.214285714285714
2022,19,trec-202219,200,200,14,3,0.21428571428571427,10,3,0.3,0.214285714285714
2022,19,trec-202219,300,300,14,3,0.21428571428571427,10,3,0.3,0.214285714285714
2022,19,trec-202219,400,400,14,4,0.2857142857142857,10,4,0.4,0.285714285714286
2022,19,trec-202219,500,500,14,4,0.2857142857142857,10,4,0.4,0.285714285714286
2022,19,trec-202219,600,600,14,4,0.2857142857142857,10,4,0.4,0.285714285714286
2022,19,trec-202219,700,700,14,5,0.35714285714285715,10,5,0.5,0.357142857142857
2022,19,trec-202219,800,800,14,5,0.35714285714285715,10,5,0.5,0.357142857142857
2022,19,trec-202219,900,900,14,5,0.35714285714285715,10,5,0.5,0.357142857142857
2022,19,trec-202219,1000,1000,14,5,0.35714285714285715,10,5,0.5,0.357142857142857
2022,20,trec-202220,10,10,234,10,0.042735042735042736,173,8,0.046242774566473986,0.0427350427350427
2022,20,trec-202220,50,50,234,45,0.19230769230769232,173,38,0.21965317919075145,0.192307692307692
2022,20,trec-202220,100,100,234,93,0.3974358974358974,173,81,0.4682080924855491,0.397435897435897
2022,20,trec-202220,200,200,234,177,0.7564102564102564,173,149,0.861271676300578,0.756410256410256
2022,20,trec-202220,300,300,234,199,0.8504273504273504,173,168,0.9710982658959537,0.85042735042735
2022,20,trec-202220,400,400,234,202,0.8632478632478633,173,169,0.976878612716763,0.863247863247863
2022,20,trec-202220,500,500,234,202,0.8632478632478633,173,169,0.976878612716763,0.863247863247863
2022,20,trec-202220,600,600,234,202,0.8632478632478633,173,169,0.976878612716763,0.863247863247863
2022,20,trec-202220,700,700,234,202,0.8632478632478633,173,169,0.976878612716763,0.863247863247863
2022,20,trec-202220,800,800,234,202,0.8632478632478633,173,169,0.976878612716763,0.863247863247863
2022,20,trec-202220,900,900,234,202,0.8632478632478633,173,169,0.976878612716763,0.863247863247863
2022,20,trec-202220,1000,1000,234,202,0.8632478632478633,173,169,0.976878612716763,0.863247863247863
2022,21,trec-202221,10,10,173,10,0.057803468208092484,160,10,0.0625,0.0578034682080925
2022,21,trec-202221,50,50,173,47,0.27167630057803466,160,46,0.2875,0.271676300578035
2022,21,trec-202221,100,100,173,94,0.5433526011560693,160,91,0.56875,0.543352601156069
2022,21,trec-202221,200,200,173,162,0.9364161849710982,160,154,0.9625,0.936416184971098
2022,21,trec-202221,300,300,173,168,0.9710982658959537,160,158,0.9875,0.971098265895954
2022,21,trec-202221,400,400,173,168,0.9710982658959537,160,158,0.9875,0.971098265895954
2022,21,trec-202221,500,500,173,168,0.9710982658959537,160,158,0.9875,0.971098265895954
2022,21,trec-202221,600,600,173,168,0.9710982658959537,160,158,0.9875,0.971098265895954
2022,21,trec-202221,700,700,173,168,0.9710982658959537,160,158,0.9875,0.971098265895954
2022,21,trec-202221,800,800,173,168,0.9710982658959537,160,158,0.9875,0.971098265895954
2022,21,trec-202221,900,900,173,168,0.9710982658959537,160,158,0.9875,0.971098265895954
2022,21,trec-202221,1000,1000,173,168,0.9710982658959537,160,158,0.9875,0.971098265895954
2022,22,trec-202222,10,10,125,10,0.08,77,10,0.12987012987012986,0.08
2022,22,trec-202222,50,50,125,45,0.36,77,41,0.5324675324675324,0.36
2022,22,trec-202222,100,100,125,56,0.448,77,47,0.6103896103896104,0.448
2022,22,trec-202222,200,200,125,65,0.52,77,55,0.7142857142857143,0.52
2022,22,trec-202222,300,300,125,67,0.536,77,57,0.7402597402597403,0.536
2022,22,trec-202222,400,400,125,70,0.56,77,59,0.7662337662337663,0.56
2022,22,trec-202222,500,500,125,72,0.576,77,61,0.7922077922077922,0.576
2022,22,trec-202222,600,600,125,72,0.576,77,61,0.7922077922077922,0.576
2022,22,trec-202222,700,700,125,73,0.584,77,61,0.7922077922077922,0.584
2022,22,trec-202222,800,800,125,73,0.584,77,61,0.7922077922077922,0.584
2022,22,trec-202222,900,900,125,73,0.584,77,61,0.7922077922077922,0.584
2022,22,trec-202222,1000,1000,125,74,0.592,77,62,0.8051948051948052,0.592
2022,23,trec-202223,10,10,188,10,0.05319148936170213,121,9,0.0743801652892562,0.0531914893617021
2022,23,trec-202223,50,50,188,49,0.26063829787234044,121,43,0.35537190082644626,0.26063829787234
2022,23,trec-202223,100,100,188,88,0.46808510638297873,121,64,0.5289256198347108,0.468085106382979
2022,23,trec-202223,200,200,188,136,0.723404255319149,121,90,0.743801652892562,0.723404255319149
2022,23,trec-202223,300,300,188,149,0.7925531914893617,121,99,0.8181818181818182,0.792553191489362
2022,23,trec-202223,400,400,188,150,0.7978723404255319,121,99,0.8181818181818182,0.797872340425532
2022,23,trec-202223,500,500,188,150,0.7978723404255319,121,99,0.8181818181818182,0.797872340425532
2022,23,trec-202223,600,600,188,150,0.7978723404255319,121,99,0.8181818181818182,0.797872340425532
2022,23,trec-202223,700,700,188,150,0.7978723404255319,121,99,0.8181818181818182,0.797872340425532
2022,23,trec-202223,800,800,188,151,0.8031914893617021,121,99,0.8181818181818182,0.803191489361702
2022,23,trec-202223,900,900,188,151,0.8031914893617021,121,99,0.8181818181818182,0.803191489361702
2022,23,trec-202223,1000,1000,188,151,0.8031914893617021,121,99,0.8181818181818182,0.803191489361702
2022,24,trec-202224,10,10,31,9,0.2903225806451613,13,8,0.6153846153846154,0.290322580645161
2022,24,trec-202224,50,50,31,11,0.3548387096774194,13,10,0.7692307692307693,0.354838709677419
2022,24,trec-202224,100,100,31,12,0.3870967741935484,13,11,0.8461538461538461,0.387096774193548
2022,24,trec-202224,200,200,31,13,0.41935483870967744,13,12,0.9230769230769231,0.419354838709677
2022,24,trec-202224,300,300,31,13,0.41935483870967744,13,12,0.9230769230769231,0.419354838709677
2022,24,trec-202224,400,400,31,13,0.41935483870967744,13,12,0.9230769230769231,0.419354838709677
2022,24,trec-202224,500,500,31,13,0.41935483870967744,13,12,0.9230769230769231,0.419354838709677
2022,24,trec-202224,600,600,31,13,0.41935483870967744,13,12,0.9230769230769231,0.419354838709677
2022,24,trec-202224,700,700,31,13,0.41935483870967744,13,12,0.9230769230769231,0.419354838709677
2022,24,trec-202224,800,800,31,13,0.41935483870967744,13,12,0.9230769230769231,0.419354838709677
2022,24,trec-202224,900,900,31,13,0.41935483870967744,13,12,0.9230769230769231,0.419354838709677
2022,24,trec-202224,1000,1000,31,13,0.41935483870967744,13,12,0.9230769230769231,0.419354838709677
2022,25,trec-202225,10,10,181,8,0.04419889502762431,86,1,0.011627906976744186,0.0441988950276243
2022,25,trec-202225,50,50,181,23,0.1270718232044199,86,6,0.06976744186046512,0.12707182320442
2022,25,trec-202225,100,100,181,33,0.18232044198895028,86,7,0.08139534883720931,0.18232044198895
2022,25,trec-202225,200,200,181,41,0.2265193370165746,86,14,0.16279069767441862,0.226519337016575
2022,25,trec-202225,300,300,181,47,0.2596685082872928,86,17,0.19767441860465115,0.259668508287293
2022,25,trec-202225,400,400,181,51,0.281767955801105,86,20,0.23255813953488372,0.281767955801105
2022,25,trec-202225,500,500,181,63,0.34806629834254144,86,28,0.32558139534883723,0.348066298342541
2022,25,trec-202225,600,600,181,68,0.3756906077348066,86,31,0.36046511627906974,0.375690607734807
2022,25,trec-202225,700,700,181,73,0.40331491712707185,86,34,0.3953488372093023,0.403314917127072
2022,25,trec-202225,800,800,181,79,0.43646408839779005,86,36,0.4186046511627907,0.43646408839779
2022,25,trec-202225,900,900,181,81,0.44751381215469616,86,37,0.43023255813953487,0.447513812154696
2022,25,trec-202225,1000,1000,181,84,0.46408839779005523,86,39,0.45348837209302323,0.464088397790055
2022,26,trec-202226,10,10,56,9,0.16071428571428573,30,5,0.16666666666666666,0.160714285714286
2022,26,trec-202226,50,50,56,36,0.6428571428571429,30,19,0.6333333333333333,0.642857142857143
2022,26,trec-202226,100,100,56,48,0.8571428571428571,30,25,0.8333333333333334,0.857142857142857
2022,26,trec-202226,200,200,56,51,0.9107142857142857,30,27,0.9,0.910714285714286
2022,26,trec-202226,300,300,56,53,0.9464285714285714,30,29,0.9666666666666667,0.946428571428571
2022,26,trec-202226,400,400,56,55,0.9821428571428571,30,30,1.0,0.982142857142857
2022,26,trec-202226,500,500,56,55,0.9821428571428571,30,30,1.0,0.982142857142857
2022,26,trec-202226,600,600,56,55,0.9821428571428571,30,30,1.0,0.982142857142857
2022,26,trec-202226,700,700,56,55,0.9821428571428571,30,30,1.0,0.982142857142857
2022,26,trec-202226,800,800,56,55,0.9821428571428571,30,30,1.0,0.982142857142857
2022,26,trec-202226,900,900,56,55,0.9821428571428571,30,30,1.0,0.982142857142857
2022,26,trec-202226,1000,1000,56,55,0.9821428571428571,30,30,1.0,0.982142857142857
2022,27,trec-202227,10,10,29,4,0.13793103448275862,25,4,0.16,0.137931034482759
2022,27,trec-202227,50,50,29,21,0.7241379310344828,25,19,0.76,0.724137931034483
2022,27,trec-202227,100,100,29,24,0.8275862068965517,25,22,0.88,0.827586206896552
2022,27,trec-202227,200,200,29,24,0.8275862068965517,25,22,0.88,0.827586206896552
2022,27,trec-202227,300,300,29,24,0.8275862068965517,25,22,0.88,0.827586206896552
2022,27,trec-202227,400,400,29,24,0.8275862068965517,25,22,0.88,0.827586206896552
2022,27,trec-202227,500,500,29,25,0.8620689655172413,25,22,0.88,0.862068965517241
2022,27,trec-202227,600,600,29,25,0.8620689655172413,25,22,0.88,0.862068965517241
2022,27,trec-202227,700,700,29,25,0.8620689655172413,25,22,0.88,0.862068965517241
2022,27,trec-202227,800,800,29,25,0.8620689655172413,25,22,0.88,0.862068965517241
2022,27,trec-202227,900,900,29,25,0.8620689655172413,25,22,0.88,0.862068965517241
2022,27,trec-202227,1000,1000,29,25,0.8620689655172413,25,22,0.88,0.862068965517241
2022,28,trec-202228,10,10,68,2,0.029411764705882353,49,2,0.04081632653061224,0.0294117647058823
2022,28,trec-202228,50,50,68,3,0.04411764705882353,49,3,0.061224489795918366,0.0441176470588235
2022,28,trec-202228,100,100,68,6,0.08823529411764706,49,5,0.10204081632653061,0.0882352941176471
2022,28,trec-202228,200,200,68,15,0.22058823529411764,49,10,0.20408163265306123,0.220588235294118
2022,28,trec-202228,300,300,68,16,0.23529411764705882,49,11,0.22448979591836735,0.235294117647059
2022,28,trec-202228,400,400,68,20,0.29411764705882354,49,14,0.2857142857142857,0.294117647058823
2022,28,trec-202228,500,500,68,21,0.3088235294117647,49,14,0.2857142857142857,0.308823529411765
2022,28,trec-202228,600,600,68,21,0.3088235294117647,49,14,0.2857142857142857,0.308823529411765
2022,28,trec-202228,700,700,68,21,0.3088235294117647,49,14,0.2857142857142857,0.308823529411765
2022,28,trec-202228,800,800,68,22,0.3235294117647059,49,15,0.30612244897959184,0.323529411764706
2022,28,trec-202228,900,900,68,22,0.3235294117647059,49,15,0.30612244897959184,0.323529411764706
2022,28,trec-202228,1000,1000,68,22,0.3235294117647059,49,15,0.30612244897959184,0.323529411764706
2022,29,trec-202229,10,10,33,1,0.030303030303030304,14,1,0.07142857142857142,0.0303030303030303
2022,29,trec-202229,50,50,33,5,0.15151515151515152,14,3,0.21428571428571427,0.151515151515151
2022,29,trec-202229,100,100,33,12,0.36363636363636365,14,3,0.21428571428571427,0.363636363636364
2022,29,trec-202229,200,200,33,19,0.5757575757575758,14,5,0.35714285714285715,0.575757575757576
2022,29,trec-202229,300,300,33,19,0.5757575757575758,14,5,0.35714285714285715,0.575757575757576
2022,29,trec-202229,400,400,33,20,0.6060606060606061,14,5,0.35714285714285715,0.606060606060606
2022,29,trec-202229,500,500,33,20,0.6060606060606061,14,5,0.35714285714285715,0.606060606060606
2022,29,trec-202229,600,600,33,20,0.6060606060606061,14,5,0.35714285714285715,0.606060606060606
2022,29,trec-202229,700,700,33,20,0.6060606060606061,14,5,0.35714285714285715,0.606060606060606
2022,29,trec-202229,800,800,33,21,0.6363636363636364,14,6,0.42857142857142855,0.636363636363636
2022,29,trec-202229,900,900,33,21,0.6363636363636364,14,6,0.42857142857142855,0.636363636363636
2022,29,trec-202229,1000,1000,33,21,0.6363636363636364,14,6,0.42857142857142855,0.636363636363636
2022,30,trec-202230,10,10,382,3,0.007853403141361256,306,3,0.00980392156862745,0.00785340314136126
2022,30,trec-202230,50,50,382,31,0.08115183246073299,306,27,0.08823529411764706,0.081151832460733
2022,30,trec-202230,100,100,382,64,0.16753926701570682,306,57,0.18627450980392157,0.167539267015707
2022,30,trec-202230,200,200,382,128,0.33507853403141363,306,118,0.38562091503267976,0.335078534031414
2022,30,trec-202230,300,300,382,184,0.4816753926701571,306,173,0.565359477124183,0.481675392670157
2022,30,trec-202230,400,400,382,231,0.6047120418848168,306,218,0.7124183006535948,0.604712041884817
2022,30,trec-202230,500,500,382,268,0.7015706806282722,306,255,0.8333333333333334,0.701570680628272
2022,30,trec-202230,600,600,382,292,0.7643979057591623,306,278,0.9084967320261438,0.764397905759162
2022,30,trec-202230,700,700,382,302,0.7905759162303665,306,288,0.9411764705882353,0.790575916230366
2022,30,trec-202230,800,800,382,304,0.7958115183246073,306,290,0.9477124183006536,0.795811518324607
2022,30,trec-202230,900,900,382,305,0.7984293193717278,306,291,0.9509803921568627,0.798429319371728
2022,30,trec-202230,1000,1000,382,306,0.8010471204188482,306,291,0.9509803921568627,0.801047120418848
2022,31,trec-202231,10,10,39,7,0.1794871794871795,25,7,0.28,0.179487179487179
2022,31,trec-202231,50,50,39,17,0.4358974358974359,25,15,0.6,0.435897435897436
2022,31,trec-202231,100,100,39,21,0.5384615384615384,25,17,0.68,0.538461538461538
2022,31,trec-202231,200,200,39,26,0.6666666666666666,25,20,0.8,0.666666666666667
2022,31,trec-202231,300,300,39,30,0.7692307692307693,25,22,0.88,0.769230769230769
2022,31,trec-202231,400,400,39,31,0.7948717948717948,25,22,0.88,0.794871794871795
2022,31,trec-202231,500,500,39,33,0.8461538461538461,25,22,0.88,0.846153846153846
2022,31,trec-202231,600,600,39,33,0.8461538461538461,25,22,0.88,0.846153846153846
2022,31,trec-202231,700,700,39,33,0.8461538461538461,25,22,0.88,0.846153846153846
2022,31,trec-202231,800,800,39,34,0.8717948717948718,25,22,0.88,0.871794871794872
2022,31,trec-202231,900,900,39,34,0.8717948717948718,25,22,0.88,0.871794871794872
2022,31,trec-202231,1000,1000,39,34,0.8717948717948718,25,22,0.88,0.871794871794872
2022,32,trec-202232,10,10,219,8,0.0365296803652968,84,3,0.03571428571428571,0.0365296803652968
2022,32,trec-202232,50,50,219,28,0.1278538812785388,84,13,0.15476190476190477,0.127853881278539
2022,32,trec-202232,100,100,219,39,0.1780821917808219,84,20,0.23809523809523808,0.178082191780822
2022,32,trec-202232,200,200,219,72,0.3287671232876712,84,38,0.4523809523809524,0.328767123287671
2022,32,trec-202232,300,300,219,89,0.4063926940639269,84,45,0.5357142857142857,0.406392694063927
2022,32,trec-202232,400,400,219,104,0.4748858447488584,84,50,0.5952380952380952,0.474885844748858
2022,32,trec-202232,500,500,219,112,0.5114155251141552,84,52,0.6190476190476191,0.511415525114155
2022,32,trec-202232,600,600,219,115,0.5251141552511416,84,55,0.6547619047619048,0.525114155251142
2022,32,trec-202232,700,700,219,116,0.5296803652968036,84,56,0.6666666666666666,0.529680365296804
2022,32,trec-202232,800,800,219,117,0.5342465753424658,84,56,0.6666666666666666,0.534246575342466
2022,32,trec-202232,900,900,219,119,0.54337899543379,84,56,0.6666666666666666,0.54337899543379
2022,32,trec-202232,1000,1000,219,121,0.5525114155251142,84,58,0.6904761904761905,0.552511415525114
2022,33,trec-202233,10,10,72,3,0.041666666666666664,60,3,0.05,0.0416666666666667
2022,33,trec-202233,50,50,72,17,0.2361111111111111,60,17,0.2833333333333333,0.236111111111111
2022,33,trec-202233,100,100,72,18,0.25,60,18,0.3,0.25
2022,33,trec-202233,200,200,72,19,0.2638888888888889,60,19,0.31666666666666665,0.263888888888889
2022,33,trec-202233,300,300,72,19,0.2638888888888889,60,19,0.31666666666666665,0.263888888888889
2022,33,trec-202233,400,400,72,19,0.2638888888888889,60,19,0.31666666666666665,0.263888888888889
2022,33,trec-202233,500,500,72,20,0.2777777777777778,60,20,0.3333333333333333,0.277777777777778
2022,33,trec-202233,600,600,72,29,0.4027777777777778,60,28,0.4666666666666667,0.402777777777778
2022,33,trec-202233,700,700,72,30,0.4166666666666667,60,29,0.48333333333333334,0.416666666666667
2022,33,trec-202233,800,800,72,31,0.4305555555555556,60,30,0.5,0.430555555555556
2022,33,trec-202233,900,900,72,31,0.4305555555555556,60,30,0.5,0.430555555555556
2022,33,trec-202233,1000,1000,72,31,0.4305555555555556,60,30,0.5,0.430555555555556
2022,34,trec-202234,10,10,80,5,0.0625,12,3,0.25,0.0625
2022,34,trec-202234,50,50,80,11,0.1375,12,7,0.5833333333333334,0.1375
2022,34,trec-202234,100,100,80,11,0.1375,12,7,0.5833333333333334,0.1375
2022,34,trec-202234,200,200,80,11,0.1375,12,7,0.5833333333333334,0.1375
2022,34,trec-202234,300,300,80,11,0.1375,12,7,0.5833333333333334,0.1375
2022,34,trec-202234,400,400,80,11,0.1375,12,7,0.5833333333333334,0.1375
2022,34,trec-202234,500,500,80,11,0.1375,12,7,0.5833333333333334,0.1375
2022,34,trec-202234,600,600,80,11,0.1375,12,7,0.5833333333333334,0.1375
2022,34,trec-202234,700,700,80,11,0.1375,12,7,0.5833333333333334,0.1375
2022,34,trec-202234,800,800,80,11,0.1375,12,7,0.5833333333333334,0.1375
2022,34,trec-202234,900,900,80,11,0.1375,12,7,0.5833333333333334,0.1375
2022,34,trec-202234,1000,1000,80,11,0.1375,12,7,0.5833333333333334,0.1375
2022,35,trec-202235,10,10,260,10,0.038461538461538464,139,5,0.03597122302158273,0.0384615384615385
2022,35,trec-202235,50,50,260,39,0.15,139,22,0.15827338129496402,0.15
2022,35,trec-202235,100,100,260,55,0.21153846153846154,139,36,0.2589928057553957,0.211538461538462
2022,35,trec-202235,200,200,260,82,0.3153846153846154,139,57,0.41007194244604317,0.315384615384615
2022,35,trec-202235,300,300,260,101,0.38846153846153847,139,72,0.5179856115107914,0.388461538461539
2022,35,trec-202235,400,400,260,113,0.4346153846153846,139,80,0.5755395683453237,0.434615384615385
2022,35,trec-202235,500,500,260,121,0.4653846153846154,139,87,0.6258992805755396,0.465384615384615
2022,35,trec-202235,600,600,260,126,0.4846153846153846,139,92,0.6618705035971223,0.484615384615385
2022,35,trec-202235,700,700,260,138,0.5307692307692308,139,103,0.7410071942446043,0.530769230769231
2022,35,trec-202235,800,800,260,141,0.5423076923076923,139,106,0.762589928057554,0.542307692307692
2022,35,trec-202235,900,900,260,145,0.5576923076923077,139,110,0.7913669064748201,0.557692307692308
2022,35,trec-202235,1000,1000,260,145,0.5576923076923077,139,110,0.7913669064748201,0.557692307692308
2022,36,trec-202236,10,10,77,0,0.0,65,0,0.0,0
2022,36,trec-202236,50,50,77,7,0.09090909090909091,65,6,0.09230769230769231,0.0909090909090909
2022,36,trec-202236,100,100,77,20,0.2597402597402597,65,17,0.26153846153846155,0.25974025974026
2022,36,trec-202236,200,200,77,36,0.4675324675324675,65,31,0.47692307692307695,0.467532467532468
2022,36,trec-202236,300,300,77,49,0.6363636363636364,65,44,0.676923076923077,0.636363636363636
2022,36,trec-202236,400,400,77,60,0.7792207792207793,65,54,0.8307692307692308,0.779220779220779
2022,36,trec-202236,500,500,77,65,0.8441558441558441,65,58,0.8923076923076924,0.844155844155844
2022,36,trec-202236,600,600,77,68,0.8831168831168831,65,61,0.9384615384615385,0.883116883116883
2022,36,trec-202236,700,700,77,69,0.8961038961038961,65,61,0.9384615384615385,0.896103896103896
2022,36,trec-202236,800,800,77,69,0.8961038961038961,65,61,0.9384615384615385,0.896103896103896
2022,36,trec-202236,900,900,77,69,0.8961038961038961,65,61,0.9384615384615385,0.896103896103896
2022,36,trec-202236,1000,1000,77,69,0.8961038961038961,65,61,0.9384615384615385,0.896103896103896
2022,37,trec-202237,10,10,78,8,0.10256410256410256,39,4,0.10256410256410256,0.102564102564103
2022,37,trec-202237,50,50,78,40,0.5128205128205128,39,23,0.5897435897435898,0.512820512820513
2022,37,trec-202237,100,100,78,63,0.8076923076923077,39,34,0.8717948717948718,0.807692307692308
2022,37,trec-202237,200,200,78,69,0.8846153846153846,39,36,0.9230769230769231,0.884615384615385
2022,37,trec-202237,300,300,78,69,0.8846153846153846,39,36,0.9230769230769231,0.884615384615385
2022,37,trec-202237,400,400,78,70,0.8974358974358975,39,37,0.9487179487179487,0.897435897435897
2022,37,trec-202237,500,500,78,70,0.8974358974358975,39,37,0.9487179487179487,0.897435897435897
2022,37,trec-202237,600,600,78,70,0.8974358974358975,39,37,0.9487179487179487,0.897435897435897
2022,37,trec-202237,700,700,78,70,0.8974358974358975,39,37,0.9487179487179487,0.897435897435897
2022,37,trec-202237,800,800,78,70,0.8974358974358975,39,37,0.9487179487179487,0.897435897435897
2022,37,trec-202237,900,900,78,70,0.8974358974358975,39,37,0.9487179487179487,0.897435897435897
2022,37,trec-202237,1000,1000,78,70,0.8974358974358975,39,37,0.9487179487179487,0.897435897435897
2022,38,trec-202238,10,10,159,10,0.06289308176100629,139,9,0.06474820143884892,0.0628930817610063
2022,38,trec-202238,50,50,159,49,0.3081761006289308,139,47,0.3381294964028777,0.308176100628931
2022,38,trec-202238,100,100,159,98,0.6163522012578616,139,93,0.6690647482014388,0.616352201257862
2022,38,trec-202238,200,200,159,143,0.89937106918239,139,131,0.9424460431654677,0.89937106918239
2022,38,trec-202238,300,300,159,144,0.9056603773584906,139,132,0.9496402877697842,0.905660377358491
2022,38,trec-202238,400,400,159,144,0.9056603773584906,139,132,0.9496402877697842,0.905660377358491
2022,38,trec-202238,500,500,159,144,0.9056603773584906,139,132,0.9496402877697842,0.905660377358491
2022,38,trec-202238,600,600,159,144,0.9056603773584906,139,132,0.9496402877697842,0.905660377358491
2022,38,trec-202238,700,700,159,144,0.9056603773584906,139,132,0.9496402877697842,0.905660377358491
2022,38,trec-202238,800,800,159,144,0.9056603773584906,139,132,0.9496402877697842,0.905660377358491
2022,38,trec-202238,900,900,159,145,0.9119496855345912,139,132,0.9496402877697842,0.911949685534591
2022,38,trec-202238,1000,1000,159,145,0.9119496855345912,139,132,0.9496402877697842,0.911949685534591
2022,39,trec-202239,10,10,264,10,0.03787878787878788,144,8,0.05555555555555555,0.0378787878787879
2022,39,trec-202239,50,50,264,47,0.17803030303030304,144,33,0.22916666666666666,0.178030303030303
2022,39,trec-202239,100,100,264,87,0.32954545454545453,144,59,0.4097222222222222,0.329545454545454
2022,39,trec-202239,200,200,264,159,0.6022727272727273,144,110,0.7638888888888888,0.602272727272727
2022,39,trec-202239,300,300,264,184,0.696969696969697,144,123,0.8541666666666666,0.696969696969697
2022,39,trec-202239,400,400,264,197,0.7462121212121212,144,132,0.9166666666666666,0.746212121212121
2022,39,trec-202239,500,500,264,200,0.7575757575757576,144,132,0.9166666666666666,0.757575757575758
2022,39,trec-202239,600,600,264,203,0.7689393939393939,144,135,0.9375,0.768939393939394
2022,39,trec-202239,700,700,264,206,0.7803030303030303,144,138,0.9583333333333334,0.78030303030303
2022,39,trec-202239,800,800,264,208,0.7878787878787878,144,139,0.9652777777777778,0.787878787878788
2022,39,trec-202239,900,900,264,211,0.7992424242424242,144,141,0.9791666666666666,0.799242424242424
2022,39,trec-202239,1000,1000,264,212,0.803030303030303,144,141,0.9791666666666666,0.803030303030303
2022,40,trec-202240,10,10,163,10,0.06134969325153374,106,10,0.09433962264150944,0.0613496932515337
2022,40,trec-202240,50,50,163,41,0.25153374233128833,106,39,0.36792452830188677,0.251533742331288
2022,40,trec-202240,100,100,163,52,0.31901840490797545,106,49,0.46226415094339623,0.319018404907976
2022,40,trec-202240,200,200,163,70,0.4294478527607362,106,61,0.5754716981132075,0.429447852760736
2022,40,trec-202240,300,300,163,75,0.4601226993865031,106,64,0.6037735849056604,0.460122699386503
2022,40,trec-202240,400,400,163,79,0.48466257668711654,106,66,0.6226415094339622,0.484662576687116
2022,40,trec-202240,500,500,163,79,0.48466257668711654,106,66,0.6226415094339622,0.484662576687116
2022,40,trec-202240,600,600,163,80,0.49079754601226994,106,66,0.6226415094339622,0.49079754601227
2022,40,trec-202240,700,700,163,80,0.49079754601226994,106,66,0.6226415094339622,0.49079754601227
2022,40,trec-202240,800,800,163,81,0.49693251533742333,106,66,0.6226415094339622,0.496932515337423
2022,40,trec-202240,900,900,163,84,0.5153374233128835,106,67,0.6320754716981132,0.515337423312883
2022,40,trec-202240,1000,1000,163,86,0.5276073619631901,106,68,0.6415094339622641,0.52760736196319
2022,41,trec-202241,10,10,70,10,0.14285714285714285,54,8,0.14814814814814814,0.142857142857143
2022,41,trec-202241,50,50,70,49,0.7,54,43,0.7962962962962963,0.7
2022,41,trec-202241,100,100,70,66,0.9428571428571428,54,52,0.9629629629629629,0.942857142857143
2022,41,trec-202241,200,200,70,68,0.9714285714285714,54,54,1.0,0.971428571428571
2022,41,trec-202241,300,300,70,68,0.9714285714285714,54,54,1.0,0.971428571428571
2022,41,trec-202241,400,400,70,68,0.9714285714285714,54,54,1.0,0.971428571428571
2022,41,trec-202241,500,500,70,68,0.9714285714285714,54,54,1.0,0.971428571428571
2022,41,trec-202241,600,600,70,68,0.9714285714285714,54,54,1.0,0.971428571428571
2022,41,trec-202241,700,700,70,68,0.9714285714285714,54,54,1.0,0.971428571428571
2022,41,trec-202241,800,800,70,68,0.9714285714285714,54,54,1.0,0.971428571428571
2022,41,trec-202241,900,900,70,68,0.9714285714285714,54,54,1.0,0.971428571428571
2022,41,trec-202241,1000,1000,70,68,0.9714285714285714,54,54,1.0,0.971428571428571
2022,42,trec-202242,10,10,179,10,0.055865921787709494,45,7,0.15555555555555556,0.0558659217877095
2022,42,trec-202242,50,50,179,35,0.19553072625698323,45,19,0.4222222222222222,0.195530726256983
2022,42,trec-202242,100,100,179,52,0.2905027932960894,45,24,0.5333333333333333,0.290502793296089
2022,42,trec-202242,200,200,179,64,0.3575418994413408,45,25,0.5555555555555556,0.357541899441341
2022,42,trec-202242,300,300,179,72,0.4022346368715084,45,28,0.6222222222222222,0.402234636871508
2022,42,trec-202242,400,400,179,80,0.44692737430167595,45,31,0.6888888888888889,0.446927374301676
2022,42,trec-202242,500,500,179,89,0.4972067039106145,45,32,0.7111111111111111,0.497206703910615
2022,42,trec-202242,600,600,179,94,0.5251396648044693,45,34,0.7555555555555555,0.525139664804469
2022,42,trec-202242,700,700,179,99,0.553072625698324,45,35,0.7777777777777778,0.553072625698324
2022,42,trec-202242,800,800,179,100,0.5586592178770949,45,35,0.7777777777777778,0.558659217877095
2022,42,trec-202242,900,900,179,101,0.5642458100558659,45,35,0.7777777777777778,0.564245810055866
2022,42,trec-202242,1000,1000,179,106,0.5921787709497207,45,38,0.8444444444444444,0.592178770949721
2022,43,trec-202243,10,10,84,9,0.10714285714285714,13,1,0.07692307692307693,0.107142857142857
2022,43,trec-202243,50,50,84,31,0.36904761904761907,13,4,0.3076923076923077,0.369047619047619
2022,43,trec-202243,100,100,84,34,0.40476190476190477,13,5,0.38461538461538464,0.404761904761905
2022,43,trec-202243,200,200,84,36,0.42857142857142855,13,5,0.38461538461538464,0.428571428571428
2022,43,trec-202243,300,300,84,41,0.4880952380952381,13,9,0.6923076923076923,0.488095238095238
2022,43,trec-202243,400,400,84,47,0.5595238095238095,13,11,0.8461538461538461,0.55952380952381
2022,43,trec-202243,500,500,84,49,0.5833333333333334,13,12,0.9230769230769231,0.583333333333333
2022,43,trec-202243,600,600,84,51,0.6071428571428571,13,12,0.9230769230769231,0.607142857142857
2022,43,trec-202243,700,700,84,55,0.6547619047619048,13,12,0.9230769230769231,0.654761904761905
2022,43,trec-202243,800,800,84,57,0.6785714285714286,13,12,0.9230769230769231,0.678571428571429
2022,43,trec-202243,900,900,84,58,0.6904761904761905,13,12,0.9230769230769231,0.69047619047619
2022,43,trec-202243,1000,1000,84,58,0.6904761904761905,13,12,0.9230769230769231,0.69047619047619
2022,44,trec-202244,10,10,266,8,0.03007518796992481,108,4,0.037037037037037035,0.0300751879699248
2022,44,trec-202244,50,50,266,43,0.16165413533834586,108,14,0.12962962962962962,0.161654135338346
2022,44,trec-202244,100,100,266,90,0.3383458646616541,108,35,0.32407407407407407,0.338345864661654
2022,44,trec-202244,200,200,266,164,0.6165413533834586,108,66,0.6111111111111112,0.616541353383459
2022,44,trec-202244,300,300,266,210,0.7894736842105263,108,90,0.8333333333333334,0.789473684210526
2022,44,trec-202244,400,400,266,236,0.8872180451127819,108,101,0.9351851851851852,0.887218045112782
2022,44,trec-202244,500,500,266,247,0.9285714285714286,108,107,0.9907407407407407,0.928571428571429
2022,44,trec-202244,600,600,266,249,0.9360902255639098,108,107,0.9907407407407407,0.93609022556391
2022,44,trec-202244,700,700,266,251,0.943609022556391,108,107,0.9907407407407407,0.943609022556391
2022,44,trec-202244,800,800,266,251,0.943609022556391,108,107,0.9907407407407407,0.943609022556391
2022,44,trec-202244,900,900,266,251,0.943609022556391,108,107,0.9907407407407407,0.943609022556391
2022,44,trec-202244,1000,1000,266,252,0.9473684210526315,108,108,1.0,0.947368421052632
2022,45,trec-202245,10,10,21,3,0.14285714285714285,11,1,0.09090909090909091,0.142857142857143
2022,45,trec-202245,50,50,21,6,0.2857142857142857,11,2,0.18181818181818182,0.285714285714286
2022,45,trec-202245,100,100,21,7,0.3333333333333333,11,3,0.2727272727272727,0.333333333333333
2022,45,trec-202245,200,200,21,8,0.38095238095238093,11,3,0.2727272727272727,0.380952380952381
2022,45,trec-202245,300,300,21,8,0.38095238095238093,11,3,0.2727272727272727,0.380952380952381
2022,45,trec-202245,400,400,21,8,0.38095238095238093,11,3,0.2727272727272727,0.380952380952381
2022,45,trec-202245,500,500,21,8,0.38095238095238093,11,3,0.2727272727272727,0.380952380952381
2022,45,trec-202245,600,600,21,8,0.38095238095238093,11,3,0.2727272727272727,0.380952380952381
2022,45,trec-202245,700,700,21,8,0.38095238095238093,11,3,0.2727272727272727,0.380952380952381
2022,45,trec-202245,800,800,21,8,0.38095238095238093,11,3,0.2727272727272727,0.380952380952381
2022,45,trec-202245,900,900,21,8,0.38095238095238093,11,3,0.2727272727272727,0.380952380952381
2022,45,trec-202245,1000,1000,21,8,0.38095238095238093,11,3,0.2727272727272727,0.380952380952381
2022,46,trec-202246,10,10,314,10,0.03184713375796178,141,3,0.02127659574468085,0.0318471337579618
2022,46,trec-202246,50,50,314,41,0.1305732484076433,141,22,0.15602836879432624,0.130573248407643
2022,46,trec-202246,100,100,314,80,0.25477707006369427,141,39,0.2765957446808511,0.254777070063694
2022,46,trec-202246,200,200,314,159,0.5063694267515924,141,80,0.5673758865248227,0.506369426751592
2022,46,trec-202246,300,300,314,224,0.7133757961783439,141,109,0.7730496453900709,0.713375796178344
2022,46,trec-202246,400,400,314,273,0.8694267515923567,141,127,0.900709219858156,0.869426751592357
2022,46,trec-202246,500,500,314,285,0.9076433121019108,141,132,0.9361702127659575,0.907643312101911
2022,46,trec-202246,600,600,314,288,0.9171974522292994,141,133,0.9432624113475178,0.917197452229299
2022,46,trec-202246,700,700,314,288,0.9171974522292994,141,133,0.9432624113475178,0.917197452229299
2022,46,trec-202246,800,800,314,288,0.9171974522292994,141,133,0.9432624113475178,0.917197452229299
2022,46,trec-202246,900,900,314,288,0.9171974522292994,141,133,0.9432624113475178,0.917197452229299
2022,46,trec-202246,1000,1000,314,288,0.9171974522292994,141,133,0.9432624113475178,0.917197452229299
2022,47,trec-202247,10,10,96,10,0.10416666666666667,90,10,0.1111111111111111,0.104166666666667
2022,47,trec-202247,50,50,96,49,0.5104166666666666,90,47,0.5222222222222223,0.510416666666667
2022,47,trec-202247,100,100,96,84,0.875,90,79,0.8777777777777778,0.875
2022,47,trec-202247,200,200,96,91,0.9479166666666666,90,86,0.9555555555555556,0.947916666666667
2022,47,trec-202247,300,300,96,92,0.9583333333333334,90,87,0.9666666666666667,0.958333333333333
2022,47,trec-202247,400,400,96,92,0.9583333333333334,90,87,0.9666666666666667,0.958333333333333
2022,47,trec-202247,500,500,96,92,0.9583333333333334,90,87,0.9666666666666667,0.958333333333333
2022,47,trec-202247,600,600,96,92,0.9583333333333334,90,87,0.9666666666666667,0.958333333333333
2022,47,trec-202247,700,700,96,92,0.9583333333333334,90,87,0.9666666666666667,0.958333333333333
2022,47,trec-202247,800,800,96,92,0.9583333333333334,90,87,0.9666666666666667,0.958333333333333
2022,47,trec-202247,900,900,96,92,0.9583333333333334,90,87,0.9666666666666667,0.958333333333333
2022,47,trec-202247,1000,1000,96,92,0.9583333333333334,90,87,0.9666666666666667,0.958333333333333
2022,48,trec-202248,10,10,329,9,0.02735562310030395,88,4,0.045454545454545456,0.027355623100304
2022,48,trec-202248,50,50,329,49,0.14893617021276595,88,13,0.14772727272727273,0.148936170212766
2022,48,trec-202248,100,100,329,93,0.2826747720364742,88,27,0.3068181818181818,0.282674772036474
2022,48,trec-202248,200,200,329,181,0.5501519756838906,88,57,0.6477272727272727,0.550151975683891
2022,48,trec-202248,300,300,329,227,0.6899696048632219,88,72,0.8181818181818182,0.689969604863222
2022,48,trec-202248,400,400,329,232,0.7051671732522796,88,72,0.8181818181818182,0.70516717325228
2022,48,trec-202248,500,500,329,235,0.7142857142857143,88,73,0.8295454545454546,0.714285714285714
2022,48,trec-202248,600,600,329,241,0.7325227963525835,88,74,0.8409090909090909,0.732522796352584
2022,48,trec-202248,700,700,329,241,0.7325227963525835,88,74,0.8409090909090909,0.732522796352584
2022,48,trec-202248,800,800,329,242,0.7355623100303952,88,75,0.8522727272727273,0.735562310030395
2022,48,trec-202248,900,900,329,242,0.7355623100303952,88,75,0.8522727272727273,0.735562310030395
2022,48,trec-202248,1000,1000,329,244,0.7416413373860182,88,75,0.8522727272727273,0.741641337386018
2022,49,trec-202249,10,10,18,7,0.3888888888888889,16,6,0.375,0.388888888888889
2022,49,trec-202249,50,50,18,11,0.6111111111111112,16,10,0.625,0.611111111111111
2022,49,trec-202249,100,100,18,15,0.8333333333333334,16,13,0.8125,0.833333333333333
2022,49,trec-202249,200,200,18,15,0.8333333333333334,16,13,0.8125,0.833333333333333
2022,49,trec-202249,300,300,18,15,0.8333333333333334,16,13,0.8125,0.833333333333333
2022,49,trec-202249,400,400,18,16,0.8888888888888888,16,14,0.875,0.888888888888889
2022,49,trec-202249,500,500,18,16,0.8888888888888888,16,14,0.875,0.888888888888889
2022,49,trec-202249,600,600,18,17,0.9444444444444444,16,15,0.9375,0.944444444444444
2022,49,trec-202249,700,700,18,17,0.9444444444444444,16,15,0.9375,0.944444444444444
2022,49,trec-202249,800,800,18,17,0.9444444444444444,16,15,0.9375,0.944444444444444
2022,49,trec-202249,900,900,18,17,0.9444444444444444,16,15,0.9375,0.944444444444444
2022,49,trec-202249,1000,1000,18,17,0.9444444444444444,16,15,0.9375,0.944444444444444
2022,50,trec-202250,10,10,151,4,0.026490066225165563,121,4,0.03305785123966942,0.0264900662251656
2022,50,trec-202250,50,50,151,13,0.08609271523178808,121,12,0.09917355371900827,0.0860927152317881
2022,50,trec-202250,100,100,151,31,0.2052980132450331,121,25,0.2066115702479339,0.205298013245033
2022,50,trec-202250,200,200,151,58,0.3841059602649007,121,46,0.38016528925619836,0.384105960264901
2022,50,trec-202250,300,300,151,97,0.6423841059602649,121,78,0.6446280991735537,0.642384105960265
2022,50,trec-202250,400,400,151,132,0.8741721854304636,121,109,0.9008264462809917,0.874172185430464
2022,50,trec-202250,500,500,151,147,0.9735099337748344,121,118,0.9752066115702479,0.973509933774834
2022,50,trec-202250,600,600,151,148,0.9801324503311258,121,118,0.9752066115702479,0.980132450331126
2022,50,trec-202250,700,700,151,150,0.9933774834437086,121,120,0.9917355371900827,0.993377483443709
2022,50,trec-202250,800,800,151,150,0.9933774834437086,121,120,0.9917355371900827,0.993377483443709
2022,50,trec-202250,900,900,151,150,0.9933774834437086,121,120,0.9917355371900827,0.993377483443709
2022,50,trec-202250,1000,1000,151,150,0.9933774834437086,121,120,0.9917355371900827,0.993377483443709
