{"NCT02590653": 1.9579455, "NCT03022552": 1.6975563, "NCT02271178": 1.6909821, "NCT01458405": 1.6451526, "NCT00209144": 1.6350788, "NCT02938767": 1.5979936, "NCT00449488": 1.5901716, "NCT02666326": 1.5513655, "NCT01818960": 1.5386293, "NCT02356510": 1.5379142, "NCT02235389": 1.5352571, "NCT00004734": 1.5251694, "NCT00013741": 1.5222067, "NCT01797016": 1.5072851, "NCT01272713": 1.5003667, "NCT01340326": 1.4974635, "NCT02868216": 1.494697, "NCT00350766": 1.4873981, "NCT00756756": 1.4842998, "NCT03528382": 1.4820373, "NCT00043784": 1.4723061, "NCT02407002": 1.4708655, "NCT00417638": 1.4569304, "NCT00507338": 1.4482794, "NCT02150486": 1.4436913, "NCT02734082": 1.4417027, "NCT02502747": 1.4249468, "NCT02624024": 1.4219296, "NCT01923077": 1.4179292, "NCT01018706": 1.4175537, "NCT01305226": 1.4073913, "NCT02291796": 1.4053179, "NCT00257309": 1.4008735, "NCT03750760": 1.399124, "NCT00286312": 1.3946387, "NCT02512978": 1.389017, "NCT00001589": 1.3796761, "NCT04407312": 1.3779824, "NCT00266487": 1.3757252, "NCT01747174": 1.374858, "NCT03494751": 1.363782, "NCT04012801": 1.3634359, "NCT03658031": 1.351649, "NCT00321009": 1.3457249, "NCT02062554": 1.3448381, "NCT04347434": 1.3424622, "NCT00300833": 1.3421924, "NCT04000412": 1.3408897, "NCT00161005": 1.3407884, "NCT00001961": 1.3406616, "NCT03634384": 1.3329706, "NCT01399736": 1.3314414, "NCT00769275": 1.3227565, "NCT00000492": 1.3225412, "NCT02272920": 1.3156356, "NCT00106886": 1.3153458, "NCT00093158": 1.3148655, "NCT00337116": 1.3100816, "NCT01156441": 1.3094515, "NCT02604394": 1.3057826, "NCT01459627": 1.297917, "NCT02385487": 1.2970786, "NCT04701242": 1.2941664, "NCT00000468": 1.2926164, "NCT03387280": 1.2801975, "NCT01443104": 1.2775991, "NCT03508232": 1.2753241, "NCT03862989": 1.2718294, "NCT00354081": 1.2684735, "NCT02501070": 1.2664636, "NCT01781715": 1.2653334, "NCT02349269": 1.2650142, "NCT00001629": 1.2597463, "NCT01682096": 1.25942, "NCT04465591": 1.2520202, "NCT03070496": 1.2505357, "NCT01084239": 1.247048, "NCT03335839": 1.2463964, "NCT02123004": 1.245239, "NCT04773652": 1.2305952, "NCT03103854": 1.2165971, "NCT00004732": 1.2130426, "NCT04681612": 1.2119924, "NCT01639365": 1.2097888, "NCT02319083": 1.2083948, "NCT01124656": 1.2074739, "NCT03118895": 1.2031553, "NCT02072421": 1.1988196, "NCT01781247": 1.1955734, "NCT00129233": 1.1943309, "NCT01250340": 1.1925031, "NCT02344199": 1.1920098, "NCT03107455": 1.1906646, "NCT02637661": 1.1866143, "NCT03192891": 1.1866076, "NCT02780947": 1.186546, "NCT02774733": 1.1849446, "NCT00707590": 1.1833397, "NCT00305214": 1.1822932, "NCT01407146": 1.17631, "NCT02618681": 1.1762761, "NCT01506999": 1.1740894, "NCT00001628": 1.1725787, "NCT01281033": 1.1711459, "NCT00500617": 1.1700867, "NCT00005243": 1.1699294, "NCT00690326": 1.1693753, "NCT03135275": 1.1660334, "NCT02752113": 1.1660031, "NCT00375388": 1.1635838, "NCT00824668": 1.1599501, "NCT01218178": 1.1575016, "NCT04050553": 1.1572925, "NCT04109547": 1.1523732, "NCT02523586": 1.1517804, "NCT04789317": 1.1507999, "NCT04162171": 1.1494399, "NCT01874483": 1.1478415, "NCT02655341": 1.1456046, "NCT00004562": 1.1427406, "NCT00317265": 1.1403621, "NCT01609140": 1.1402507, "NCT00623896": 1.1362013, "NCT01004289": 1.135268, "NCT01012037": 1.1328697, "NCT00982852": 1.1320602, "NCT02169531": 1.1316202, "NCT04765943": 1.1312925, "NCT01960933": 1.1270058, "NCT00487279": 1.126509, "NCT04359589": 1.1257907, "NCT00253786": 1.1187847, "NCT00074633": 1.1174552, "NCT00120289": 1.1165609, "NCT01521351": 1.1150925, "NCT01171911": 1.11424, "NCT03426982": 1.114078, "NCT02842359": 1.1140739, "NCT00239538": 1.1137763, "NCT01944397": 1.1107332, "NCT02919345": 1.1103142, "NCT00999050": 1.110115, "NCT03011775": 1.1100062, "NCT00000526": 1.106713, "NCT00431717": 1.1060376, "NCT00968786": 1.1051941, "NCT00640549": 1.1014405, "NCT01113268": 1.0960281, "NCT01272674": 1.0931605, "NCT00114972": 1.0918684, "NCT00041938": 1.091235, "NCT04262128": 1.08749, "NCT04071626": 1.0874882, "NCT01276106": 1.0868137, "NCT03951467": 1.0864701, "NCT01011647": 1.0862526, "NCT02071602": 1.0861351, "NCT03509532": 1.0852157, "NCT00000479": 1.0841284, "NCT04069234": 1.0832753, "NCT00407680": 1.0824535, "NCT03606330": 1.0812602, "NCT03112538": 1.081138, "NCT04564846": 1.0800571, "NCT03247738": 1.0797312, "NCT00206830": 1.0789747, "NCT00787670": 1.0782291, "NCT01356992": 1.0781225, "NCT03324308": 1.0774153, "NCT02906917": 1.077308, "NCT01149421": 1.0772535, "NCT03340948": 1.0763198, "NCT02113332": 1.0762352, "NCT00412815": 1.0751523, "NCT00990262": 1.0722256, "NCT02200991": 1.0715135, "NCT01334203": 1.0706531, "NCT03015220": 1.070201, "NCT01253278": 1.0687298, "NCT03165266": 1.0676264, "NCT02043054": 1.0662774, "NCT03314844": 1.0658476, "NCT00979758": 1.0652373, "NCT00980187": 1.0635161, "NCT02537834": 1.0612365, "NCT00423579": 1.0589197, "NCT00722748": 1.0586479, "NCT04303364": 1.0567564, "NCT04406402": 1.0559272, "NCT01075282": 1.0558472, "NCT02476006": 1.0531175, "NCT00872001": 1.0525702, "NCT02070679": 1.0525502, "NCT04140019": 1.0506922, "NCT00027170": 1.0494124, "NCT00422487": 1.0481945, "NCT01378117": 1.0472149, "NCT00570739": 1.0450808, "NCT03744975": 1.0431744, "NCT02574195": 1.0419577, "NCT02453685": 1.0406649, "NCT04291287": 1.0384115, "NCT01046838": 1.0382724, "NCT02325973": 1.0381182, "NCT01804543": 1.0377755, "NCT04605627": 1.0366492, "NCT01400334": 1.0354482, "NCT00979199": 1.0346686, "NCT00925119": 1.0341432, "NCT00118560": 1.0330428, "NCT00224536": 1.0328536, "NCT04298229": 1.0310174, "NCT02477969": 1.030281, "NCT04408612": 1.0290138, "NCT03335319": 1.0276226, "NCT00157482": 1.0269741, "NCT01397175": 1.0266125, "NCT01452893": 1.0265768, "NCT00488033": 1.0226545, "NCT02931331": 1.0220455, "NCT01850693": 1.0213135, "NCT00001895": 1.0209095, "NCT03745937": 1.0183867, "NCT00993915": 1.0170777, "NCT02981069": 1.0167536, "NCT04011059": 1.0165551, "NCT00444392": 1.0162591, "NCT00500331": 1.0159975, "NCT00600106": 1.0141764, "NCT01011257": 1.0127593, "NCT02591836": 1.0125881, "NCT01311323": 1.0123243, "NCT03423511": 1.0122534, "NCT00814177": 1.0092466, "NCT03561051": 1.0071921, "NCT01625832": 1.0067472, "NCT03016910": 1.0060146, "NCT00094237": 1.0058262, "NCT02517944": 1.00537, "NCT00281346": 1.0044659, "NCT00376181": 1.0035632, "NCT02182830": 1.0033392, "NCT00234065": 1.0009679, "NCT03588286": 1.0002905, "NCT01241448": 0.9999539, "NCT03203694": 0.9991624, "NCT00871572": 0.99897474, "NCT03520140": 0.99894345, "NCT03279770": 0.9979388, "NCT01220349": 0.9974856, "NCT00977093": 0.9968633, "NCT01952834": 0.9963095, "NCT03221205": 0.99597156, "NCT00196989": 0.99595064, "NCT01573546": 0.995169, "NCT02130687": 0.99433154, "NCT00001631": 0.9929453, "NCT02305199": 0.9919035, "NCT00861861": 0.99093497, "NCT02766114": 0.9902839, "NCT00230087": 0.9899053, "NCT00773279": 0.98944914, "NCT02776397": 0.98940945, "NCT01384721": 0.98829824, "NCT03058627": 0.9870263, "NCT02504762": 0.98565847, "NCT03278158": 0.9852133, "NCT00501462": 0.98496115, "NCT01385319": 0.98495394, "NCT01521468": 0.98368937, "NCT02954601": 0.98321384, "NCT03444584": 0.98275876, "NCT00000620": 0.9819283, "NCT01463475": 0.98161155, "NCT00005189": 0.9804885, "NCT04009421": 0.9785409, "NCT00693589": 0.9783165, "NCT01954303": 0.97801566, "NCT02212028": 0.9758301, "NCT00265525": 0.9752777, "NCT00919373": 0.9745446, "NCT02427867": 0.9744996, "NCT00175240": 0.97367996, "NCT02585674": 0.97311395, "NCT00522158": 0.97293484, "NCT00005479": 0.97194433, "NCT02454426": 0.97149605, "NCT02226510": 0.9705471, "NCT02977065": 0.96890026, "NCT02317211": 0.9686875, "NCT03730662": 0.9670272, "NCT00738972": 0.9664295, "NCT02791880": 0.9647694, "NCT00202904": 0.9647136, "NCT01625533": 0.9637275, "NCT01000701": 0.9635922, "NCT03394313": 0.9618943, "NCT00136773": 0.96002936, "NCT01452815": 0.96002114, "NCT01757223": 0.9592049, "NCT01842035": 0.9588024, "NCT03798080": 0.958491, "NCT01730053": 0.9579677, "NCT01655043": 0.9579655, "NCT02444910": 0.9575255, "NCT00855374": 0.9566837, "NCT01551446": 0.9566488,